"play","value"
"Yann Sommer","€5.00m"
"Emil Audero","€5.00m"
"Raffaele Di Gennaro","€300k"
"Alessandro Bastoni","€70.00m"
"Benjamin Pavard","€50.00m"
"Yann Bisseck","€16.00m"
"Stefan de Vrij","€7.00m"
"Francesco Acerbi","€3.50m"
"Federico Dimarco","€50.00m"
"Matteo Darmian","€4.00m"
"Hakan Çalhanoğlu","€45.00m"
"Kristjan Asllani","€18.00m"
"Nicolò Barella","€80.00m"
"Davide Frattesi","€35.00m"
"Henrikh Mkhitaryan","€6.00m"
"Davy Klaassen","€4.00m"
"Stefano Sensi","€3.00m"
"Denzel Dumfries","€24.00m"
"Tajon Buchanan","€8.00m"
"Juan Cuadrado","€1.00m"
"Carlos Augusto","€22.00m"
"Lautaro Martínez","€110.00m"
"Marcus Thuram","€65.00m"
"Marko Arnautovic","€4.00m"
"Alexis Sánchez","€2.50m"
"Mike Maignan","€38.00m"
"Marco Sportiello","€1.50m"
"Lapo Nava","€150k"
"Antonio Mirante","€100k"
"Fikayo Tomori","€40.00m"
"Malick Thiaw","€25.00m"
"Pierre Kalulu","€20.00m"
"Matteo Gabbia","€8.00m"
"Simon Kjær","€1.50m"
"Mattia Caldara","€800k"
"Theo Hernández","€60.00m"
"Davide Calabria","€13.00m"
"Filippo Terracciano","€4.50m"
"Alessandro Florenzi","€2.00m"
"Ismaël Bennacer","€30.00m"
"Yacine Adli","€15.00m"
"Tijjani Reijnders","€30.00m"
"Ruben Loftus-Cheek","€25.00m"
"Yunus Musah","€22.00m"
"Tommaso Pobega","€10.00m"
"Rafael Leão","€90.00m"
"Noah Okafor","€20.00m"
"Christian Pulisic","€40.00m"
"Samuel Chukwueze","€20.00m"
"Luka Jović","€7.00m"
"Olivier Giroud","€3.00m"
"Alex Meret","€12.00m"
"Pierluigi Gollini","€4.00m"
"Nikita Contini","€400k"
"Hubert Idasiak","€150k"
"Amir Rrahmani","€15.00m"
"Natan","€12.00m"
"Leo Østigård","€8.00m"
"Juan Jesus","€2.50m"
"Mathías Olivera","€15.00m"
"Mário Rui","€3.50m"
"Giovanni Di Lorenzo","€15.00m"
"Pasquale Mazzocchi","€3.00m"
"Stanislav Lobotka","€28.00m"
"Leander Dendoncker","€7.00m"
"Diego Demme","€800k"
"Frank Anguissa","€27.00m"
"Piotr Zieliński","€22.00m"
"Jens Cajuste","€10.00m"
"Jesper Lindstrøm","€22.00m"
"Hamed Junior Traorè","€17.00m"
"Khvicha Kvaratskhelia","€80.00m"
"Matteo Politano","€13.00m"
"Cyril Ngonge","€12.00m"
"Giacomo Raspadori","€25.00m"
"Victor Osimhen","€100.00m"
"Giovanni Simeone","€10.00m"
"Wojciech Szczęsny","€6.00m"
"Mattia Perin","€3.00m"
"Carlo Pinsoglio","€200k"
"Bremer","€60.00m"
"Federico Gatti","€18.00m"
"Tiago Djaló","€12.00m"
"Danilo","€10.00m"
"Daniele Rugani","€4.00m"
"Andrea Cambiaso","€25.00m"
"Alex Sandro","€2.00m"
"Mattia De Sciglio","€1.00m"
"Manuel Locatelli","€28.00m"
"Adrien Rabiot","€35.00m"
"Weston McKennie","€28.00m"
"Fabio Miretti","€15.00m"
"Nicolò Fagioli","€15.00m"
"Carlos Alcaraz","€15.00m"
"Hans Nicolussi Caviglia","€3.00m"
"Timothy Weah","€12.00m"
"Samuel Iling-Junior","€13.00m"
"Filip Kostić","€6.50m"
"Federico Chiesa","€35.00m"
"Kenan Yıldız","€30.00m"
"Dušan Vlahović","€65.00m"
"Moise Kean","€14.00m"
"Arkadiusz Milik","€6.00m"
"Marco Carnesecchi","€16.00m"
"Juan Musso","€5.00m"
"Francesco Rossi","€100k"
"Giorgio Scalvini","€45.00m"
"Isak Hien","€20.00m"
"Berat Djimsiti","€10.00m"
"Sead Kolasinac","€10.00m"
"Rafael Tolói","€2.50m"
"Giovanni Bonfanti","€1.00m"
"José Luis Palomino","€700k"
"Marten de Roon","€7.00m"
"Éderson","€40.00m"
"Mario Pasalic","€13.00m"
"Michel Adopo","€1.00m"
"Emil Holm","€12.00m"
"Davide Zappacosta","€6.00m"
"Hans Hateboer","€3.50m"
"Matteo Ruggeri","€20.00m"
"Mitchel Bakker","€6.50m"
"Teun Koopmeiners","€50.00m"
"Charles De Ketelaere","€34.00m"
"Aleksey Miranchuk","€10.00m"
"Ademola Lookman","€40.00m"
"Gianluca Scamacca","€35.00m"
"El Bilal Touré","€20.00m"
"Mile Svilar","€9.00m"
"Rui Patrício","€1.00m"
"Pietro Boer","€150k"
"Evan Ndicka","€25.00m"
"Gianluca Mancini","€25.00m"
"Dean Huijsen","€10.00m"
"Diego Llorente","€7.00m"
"Chris Smalling","€2.50m"
"Angeliño","€8.00m"
"Leonardo Spinazzola","€4.00m"
"Rasmus Kristensen","€10.00m"
"Zeki Çelik","€6.00m"
"Rick Karsdorp","€5.00m"
"Bryan Cristante","€20.00m"
"Leandro Paredes","€8.00m"
"Edoardo Bove","€18.00m"
"Houssem Aouar","€10.00m"
"Renato Sanches","€6.50m"
"Nicola Zalewski","€12.00m"
"Lorenzo Pellegrini","€25.00m"
"Tommaso Baldanzi","€15.00m"
"Stephan El Shaarawy","€5.00m"
"Paulo Dybala","€20.00m"
"Tammy Abraham","€30.00m"
"Romelu Lukaku","€30.00m"
"Sardar Azmoun","€8.00m"
"Lukasz Skorupski","€3.50m"
"Federico Ravaglia","€1.00m"
"Nicola Bagnolini","€200k"
"Riccardo Calafiori","€30.00m"
"Sam Beukema","€18.00m"
"Jhon Lucumí","€17.00m"
"Mihajlo Ilić","€4.00m"
"Adama Soumaoro","€2.00m"
"Victor Kristiansen","€15.00m"
"Tommaso Corazza","€1.00m"
"Charalampos Lykogiannis","€1.00m"
"Stefan Posch","€14.00m"
"Lorenzo De Silvestri","€400k"
"Nikola Moro","€5.00m"
"Oussama El Azzouzi","€2.50m"
"Giovanni Fabbian","€14.00m"
"Michel Aebischer","€9.00m"
"Kacper Urbanski","€7.00m"
"Remo Freuler","€6.50m"
"Lewis Ferguson","€24.00m"
"Jesper Karlsson","€8.00m"
"Riccardo Orsolini","€16.00m"
"Dan Ndoye","€14.00m"
"Alexis Saelemaekers","€12.00m"
"Joshua Zirkzee","€50.00m"
"Santiago Castro","€12.00m"
"Jens Odgaard","€4.50m"
"Oliver Christensen","€3.00m"
"Pietro Terracciano","€2.50m"
"Tommaso Martinelli","€1.00m"
"Tommaso Vannucchi","€400k"
"Nikola Milenković","€15.00m"
"Lucas Martínez Quarta","€15.00m"
"Luca Ranieri","€8.00m"
"Pietro Comuzzo","€700k"
"Fabiano Parisi","€9.50m"
"Cristiano Biraghi","€3.50m"
"Michael Kayode","€25.00m"
"Dodô","€17.00m"
"Davide Faraoni","€1.50m"
"Arthur Melo","€15.00m"
"Rolando Mandragora","€8.50m"
"Maxime López","€7.50m"
"Gaetano Castrovilli","€7.00m"
"Alfred Duncan","€4.00m"
"Giacomo Bonaventura","€3.00m"
"Gino Infantino","€3.00m"
"Antonín Barák","€4.50m"
"Christian Kouamé","€7.50m"
"Riccardo Sottil","€6.00m"
"Nicolás González","€35.00m"
"Jonathan Ikoné","€10.00m"
"Lucas Beltrán","€16.00m"
"M'Bala Nzola","€7.00m"
"Andrea Belotti","€5.00m"
"Ivan Provedel","€14.00m"
"Christos Mandas","€3.00m"
"Luigi Sepe","€500k"
"Alessio Romagnoli","€15.00m"
"Nicolò Casale","€14.00m"
"Mario Gila","€13.00m"
"Patric","€4.00m"
"Luca Pellegrini","€3.50m"
"Adam Marusic","€5.00m"
"Elseid Hysaj","€2.50m"
"Nicolò Rovella","€18.00m"
"Danilo Cataldi","€5.50m"
"Mattéo Guendouzi","€25.00m"
"Luis Alberto","€11.00m"
"Matías Vecino","€2.50m"
"Manuel Lazzari","€4.00m"
"Daichi Kamada","€18.00m"
"André Anderson","€400k"
"Mattia Zaccagni","€20.00m"
"Saná Fernandes","€800k"
"Gustav Isaksen","€12.00m"
"Felipe Anderson","€8.00m"
"Pedro","€1.00m"
"Diego González","€1.00m"
"Cristiano Lombardi","€100k"
"Taty Castellanos","€15.00m"
"Ciro Immobile","€4.00m"
"Vanja Milinković-Savić","€5.00m"
"Mihai Popa","€800k"
"Luca Gemello","€300k"
"Pietro Passador","€100k"
"Alessandro Buongiorno","€35.00m"
"Perr Schuurs","€25.00m"
"Matteo Lovato","€4.00m"
"Ricardo Rodríguez","€3.50m"
"Saba Sazonov","€2.80m"
"Koffi Djidji","€2.50m"
"Adam Masina","€1.50m"
"Raoul Bellanova","€15.00m"
"Samuele Ricci","€22.00m"
"Adrien Tamèze","€5.00m"
"Ivan Ilić","€18.00m"
"Karol Linetty","€3.50m"
"Gvidas Gineitis","€2.00m"
"Valentino Lazaro","€3.50m"
"Mërgim Vojvoda","€3.00m"
"Nikola Vlašić","€10.00m"
"Uros Kabic","€1.00m"
"Duván Zapata","€8.00m"
"Antonio Sanabria","€7.00m"
"Pietro Pellegri","€3.00m"
"David Okereke","€2.40m"
"Josep Martínez","€8.00m"
"Nicola Leali","€600k"
"Franz Stolz","€200k"
"Simone Calvani","€150k"
"Daniele Sommariva","€100k"
"Koni De Winter","€12.00m"
"Johan Vásquez","€10.00m"
"Alan Matturro","€4.00m"
"Mattia Bani","€2.50m"
"Giorgio Cittadini","€2.40m"
"Alessandro Vogliacco","€2.00m"
"Aarón Martín","€5.00m"
"Ridgeciano Haps","€900k"
"Djed Spence","€8.00m"
"Stefano Sabelli","€1.50m"
"Emil Bohinen","€1.80m"
"Milan Badelj","€800k"
"Morten Frendrup","€15.00m"
"Morten Thorsby","€3.00m"
"Kevin Strootman","€800k"
"Ruslan Malinovskyi","€8.00m"
"Junior Messias","€2.50m"
"Albert Gudmundsson","€30.00m"
"Mateo Retegui","€16.00m"
"Vitinha","€14.00m"
"David Ankeye","€2.00m"
"Caleb Ekuban","€1.50m"
"Michele Di Gregorio","€18.00m"
"Alessandro Sorrentino","€800k"
"Stefano Gori","€500k"
"Andrea Carboni","€4.00m"
"Pablo Marí","€3.50m"
"Armando Izzo","€2.50m"
"Luca Caldirola","€1.30m"
"Davide Bettella","€1.00m"
"Danilo D'Ambrosio","€1.00m"
"Samuele Birindelli","€3.50m"
"Pedro Pereira","€1.50m"
"Giulio Donati","€300k"
"Matteo Pessina","€15.00m"
"Warren Bondo","€6.00m"
"Roberto Gagliardini","€3.00m"
"José Machín","€1.00m"
"Jean-Daniel Akpa Akpro","€1.00m"
"Patrick Ciurria","€4.00m"
"Georgios Kyriakopoulos","€3.50m"
"Andrea Colpani","€18.00m"
"Valentín Carboni","€15.00m"
"Daniel Maldini","€4.50m"
"Samuele Vignato","€3.50m"
"Matija Popovic","€2.00m"
"Alessio Zerbin","€4.00m"
"Gianluca Caprari","€4.00m"
"Lorenzo Colombo","€6.00m"
"Dany Mota","€5.00m"
"Milan Djuric","€1.50m"
"Maduka Okoye","€4.00m"
"Marco Silvestri","€1.00m"
"Daniele Padelli","€150k"
"Nehuén Pérez","€13.00m"
"Jaka Bijol","€10.00m"
"Thomas Kristensen","€4.50m"
"Enzo Ebosse","€2.50m"
"Lautaro Giannetti","€2.50m"
"João Ferreira","€2.00m"
"Christian Kabasele","€1.00m"
"Antonio Tikvić","€700k"
"James Abankwah","€300k"
"Jordan Zemura","€5.00m"
"Hassane Kamara","€4.50m"
"Kingsley Ehizibue","€2.20m"
"Walace","€6.00m"
"Lazar Samardžić","€20.00m"
"Sandi Lovric","€8.00m"
"Martín Payero","€4.50m"
"Oier Zarraga","€2.00m"
"Roberto Pereyra","€2.00m"
"Festy Ebosele","€6.00m"
"David Pejičić","€1.00m"
"Florian Thauvin","€3.00m"
"Lorenzo Lucca","€12.00m"
"Brenner","€7.00m"
"Keinan Davis","€3.00m"
"Isaac Success","€2.50m"
"Gerard Deulofeu","€1.00m"
"Alessio Cragno","€1.50m"
"Andrea Consigli","€800k"
"Gianluca Pegolo","€100k"
"Mattia Viti","€5.00m"
"Marash Kumbulla","€4.50m"
"Martin Erlić","€3.00m"
"Ruan Tressoldi","€2.50m"
"Gian Marco Ferrari","€1.40m"
"Josh Doig","€6.00m"
"Marcus Pedersen","€5.50m"
"Jeremy Toljan","€3.50m"
"Filippo Missori","€1.50m"
"Daniel Boloca","€7.00m"
"Luca Lipani","€4.00m"
"Uroš Račić","€2.50m"
"Matheus Henrique","€8.50m"
"Pedro Obiang","€500k"
"Kristian Thorstvedt","€8.00m"
"Nedim Bajrami","€4.50m"
"Cristian Volpato","€4.50m"
"Armand Laurienté","€10.00m"
"Emil Konradsen Ceide","€2.00m"
"Domenico Berardi","€10.00m"
"Samu Castillejo","€600k"
"Andrea Pinamonti","€15.00m"
"Samuele Mulattieri","€4.00m"
"Grégoire Defrel","€1.00m"
"Stefano Turati","€7.00m"
"Michele Cerofolini","€700k"
"Pierluigi Frattali","€100k"
"Caleb Okoli","€8.00m"
"Ilario Monterisi","€2.80m"
"Kevin Bonifazi","€1.80m"
"Simone Romagnoli","€800k"
"Mateus Lusuardi","€300k"
"Sergio Kalaj","€200k"
"Riccardo Marchizza","€2.50m"
"Emanuele Valeri","€2.30m"
"Anthony Oyono","€2.00m"
"Pol Lirola","€1.80m"
"Enzo Barrenechea","€7.50m"
"Luca Mazzitelli","€4.00m"
"Marco Brescianini","€3.50m"
"Abdou Harroui","€2.70m"
"Nadir Zortea","€3.00m"
"Reinier","€3.50m"
"Luca Garritano","€1.20m"
"Francesco Gelli","€1.00m"
"İsak Vural","€200k"
"Arijon Ibrahimovic","€4.00m"
"Giuseppe Caso","€1.50m"
"Jaime Báez","€900k"
"Giorgi Kvernadze","€800k"
"Soufiane Bidaoui","€200k"
"Matías Soulé","€25.00m"
"Demba Seck","€2.00m"
"Farès Ghedjemis","€600k"
"Walid Cheddira","€6.00m"
"Kaio Jorge","€4.00m"
"Marvin Cuni","€900k"
"Wladimiro Falcone","€5.00m"
"Federico Brancolini","€200k"
"Alexandru Borbei","€150k"
"Jasper Samooja","€75k"
"Marin Pongracic","€7.00m"
"Federico Baschirotto","€6.00m"
"Ahmed Touba","€1.60m"
"Kastriot Dermaku","€250k"
"Patrick Dorgu","€12.00m"
"Antonino Gallo","€4.50m"
"Valentin Gendrey","€7.00m"
"Lorenzo Venuti","€1.20m"
"Ylber Ramadani","€4.00m"
"Alexis Blin","€3.00m"
"Joan González","€4.50m"
"Mohamed Kaba","€3.50m"
"Hamza Rafia","€1.70m"
"Daniel Samek","€1.20m"
"Medon Berisha","€1.00m"
"Rémi Oudin","€3.50m"
"Lameck Banda","€6.00m"
"Nicola Sansone","€1.00m"
"Pontus Almqvist","€3.00m"
"Santiago Pierotti","€2.50m"
"Jeppe Corfitzen","€400k"
"Nikola Krstovic","€6.00m"
"Roberto Piccoli","€4.00m"
"Rareș Burnete","€700k"
"Simone Scuffet","€2.50m"
"Boris Radunović","€1.00m"
"Simone Aresti","€75k"
"Alberto Dossena","€5.00m"
"Adam Obert","€3.50m"
"Mateusz Wieteska","€3.00m"
"Yerry Mina","€3.00m"
"Pantelis Hatzidiakos","€2.50m"
"Tommaso Augello","€2.00m"
"Paulo Azzi","€1.00m"
"Gabriele Zappa","€2.50m"
"Alessandro Di Pardo","€900k"
"Matteo Prati","€10.00m"
"Antoine Makoumbou","€4.50m"
"Ibrahim Sulemana","€4.00m"
"Nahitan Nández","€5.00m"
"Alessandro Deiola","€1.90m"
"Nicolas Viola","€800k"
"Jakub Jankto","€1.20m"
"Gianluca Gaetano","€6.00m"
"Gaetano Oristanio","€4.00m"
"Marco Mancosu","€400k"
"Zito Luvumbo","€7.50m"
"Eldor Shomurodov","€5.00m"
"Andrea Petagna","€3.80m"
"Gianluca Lapadula","€1.50m"
"Leonardo Pavoletti","€800k"
"Lorenzo Montipò","€3.50m"
"Simone Perilli","€200k"
"Mattia Chiesa","€100k"
"Alessandro Berardi","€50k"
"Diego Coppola","€6.00m"
"Giangiacomo Magnani","€3.00m"
"Paweł Dawidowicz","€3.00m"
"Juan Cabal","€3.50m"
"Rúben Vinagre","€2.40m"
"Fabien Centonze","€3.00m"
"Jackson Tchatchoua","€3.00m"
"Reda Belahyane","€500k"
"Charlys","€100k"
"Joselito","€75k"
"Michael Folorunsho","€8.50m"
"Suat Serdar","€5.00m"
"Ondrej Duda","€4.00m"
"Dani Silva","€2.00m"
"Darko Lazović","€1.50m"
"Tomas Suslov","€7.00m"
"Stefan Mitrović","€1.80m"
"Tijjani Noslin","€10.00m"
"Elayis Tavsan","€1.00m"
"Karol Świderski","€5.00m"
"Federico Bonazzoli","€2.50m"
"Thomas Henry","€2.00m"
"Juan Manuel Cruz","€450k"
"Guillermo Ochoa","€1.00m"
"Benoît Costil","€600k"
"Vincenzo Fiorillo","€150k"
"Pasquale Allocca","€100k"
"Lorenzo Pirola","€5.50m"
"Marco Pellegrino","€3.50m"
"Norbert Gyomber","€1.30m"
"Konstantinos Manolas","€1.00m"
"Triantafyllos Pasalidis","€500k"
"Jérôme Boateng","€400k"
"Federico Fazio","€400k"
"Domagoj Bradarić","€5.00m"
"Alessandro Zanoli","€5.00m"
"Junior Sambia","€2.00m"
"Niccolò Pierozzi","€1.80m"
"Mateusz Legowski","€3.00m"
"Lassana Coulibaly","€3.50m"
"Giulio Maggiore","€3.50m"
"Toma Bašić","€2.80m"
"Antonio Candreva","€1.00m"
"Agustín Martegani","€1.80m"
"Grigoris Kastanos","€1.80m"
"Iron Gomis","€900k"
"Andres Sfait","€500k"
"Loum Tchaouna","€8.00m"
"Emanuel Vignato","€1.10m"
"Boulaye Dia","€10.00m"
"Chukwubuikem Ikwuemesi","€1.80m"
"Shon Weissman","€1.70m"
"Simy","€500k"
"Mikael","€300k"
"Elia Caprile","€6.00m"
"Samuele Perisan","€600k"
"Etrit Berisha","€500k"
"Sebastiano Luperto","€3.50m"
"Ardian Ismajli","€3.00m"
"Sebastian Walukiewicz","€2.50m"
"Saba Goglichidze","€300k"
"Lorenzo Tonelli","€200k"
"Giuseppe Pezzella","€2.20m"
"Liberato Cacace","€2.00m"
"Tyronne Ebuehi","€2.00m"
"Bartosz Bereszyński","€1.30m"
"Alberto Grassi","€1.80m"
"Jacopo Fazzini","€6.00m"
"Youssef Maleh","€4.50m"
"Răzvan Marin","€2.70m"
"Szymon Żurkowski","€2.50m"
"Simone Bastoni","€1.50m"
"Luca Belardinelli","€1.00m"
"Viktor Kovalenko","€1.50m"
"Emmanuel Gyasi","€1.80m"
"Matteo Cancellieri","€4.80m"
"Nicolò Cambiaghi","€7.00m"
"M'Baye Niang","€2.50m"
"Stiven Shpendi","€2.00m"
"Alberto Cerri","€1.70m"
"Francesco Caputo","€1.00m"
"Mattia Destro","€500k"
"Manuel Neuer","€4.00m"
"Daniel Peretz","€3.00m"
"Sven Ulreich","€700k"
"Tom Hülsmann","€250k"
"Matthijs de Ligt","€65.00m"
"Dayot Upamecano","€45.00m"
"Min-jae Kim","€45.00m"
"Eric Dier","€12.00m"
"Tarek Buchmann","€500k"
"Alphonso Davies","€50.00m"
"Raphaël Guerreiro","€12.00m"
"Joshua Kimmich","€50.00m"
"Noussair Mazraoui","€30.00m"
"Sacha Boey","€18.00m"
"Bouna Sarr","€1.50m"
"Aleksandar Pavlovic","€30.00m"
"Leon Goretzka","€30.00m"
"Konrad Laimer","€30.00m"
"Jamal Musiala","€120.00m"
"Lovro Zvonarek","€3.00m"
"Kingsley Coman","€50.00m"
"Mathys Tel","€40.00m"
"Bryan Zaragoza","€12.00m"
"Leroy Sané","€70.00m"
"Serge Gnabry","€40.00m"
"Thomas Müller","€8.00m"
"Harry Kane","€100.00m"
"Eric-Maxim Choupo-Moting","€2.50m"
"Matej Kovar","€7.00m"
"Lukas Hradecky","€2.50m"
"Niklas Lomb","€250k"
"Edmond Tapsoba","€45.00m"
"Piero Hincapié","€40.00m"
"Odilon Kossounou","€35.00m"
"Jonathan Tah","€30.00m"
"Josip Stanisic","€28.00m"
"Alejandro Grimaldo","€45.00m"
"Arthur","€5.00m"
"Timothy Fosu-Mensah","€800k"
"Granit Xhaka","€20.00m"
"Robert Andrich","€17.00m"
"Noah Mbamba","€2.50m"
"Exequiel Palacios","€45.00m"
"Gustavo Puerta","€3.00m"
"Jeremie Frimpong","€50.00m"
"Florian Wirtz","€130.00m"
"Jonas Hofmann","€10.00m"
"Ayman Aourir","€300k"
"Amine Adli","€30.00m"
"Nathan Tella","€23.00m"
"Adam Hlozek","€12.00m"
"Victor Boniface","€40.00m"
"Patrik Schick","€22.00m"
"Borja Iglesias","€5.00m"
"Péter Gulácsi","€3.00m"
"Janis Blaswich","€2.00m"
"Timo Schlieck","€500k"
"Leopold Zingerle","€400k"
"Castello Lukeba","€40.00m"
"Mohamed Simakan","€35.00m"
"El Chadaille Bitshiabu","€12.00m"
"Willi Orbán","€10.00m"
"Lukas Klostermann","€8.00m"
"David Raum","€20.00m"
"Christopher Lenz","€1.50m"
"Benjamin Henrichs","€20.00m"
"Xaver Schlager","€28.00m"
"Amadou Haidara","€20.00m"
"Nicolas Seiwald","€16.00m"
"Kevin Kampl","€3.50m"
"Xavi Simons","€80.00m"
"Dani Olmo","€50.00m"
"Eljif Elmas","€20.00m"
"Christoph Baumgartner","€18.00m"
"Loïs Openda","€60.00m"
"Benjamin Sesko","€50.00m"
"Yussuf Poulsen","€6.00m"
"Gregor Kobel","€40.00m"
"Marcel Lotka","€1.30m"
"Alexander Meyer","€800k"
"Nico Schlotterbeck","€40.00m"
"Niklas Süle","€15.00m"
"Mats Hummels","€5.00m"
"Antonios Papadopoulos","€1.00m"
"Ian Maatsen","€40.00m"
"Ramy Bensebaini","€7.00m"
"Julian Ryerson","€20.00m"
"Marius Wolf","€3.00m"
"Mateu Morey","€800k"
"Salih Özcan","€10.00m"
"Emre Can","€10.00m"
"Abdoulaye Kamara","€1.50m"
"Felix Nmecha","€20.00m"
"Marcel Sabitzer","€20.00m"
"Kjell Wätjen","€2.00m"
"Ole Pohlmann","€1.50m"
"Julian Brandt","€40.00m"
"Marco Reus","€5.00m"
"Jadon Sancho","€30.00m"
"Karim Adeyemi","€28.00m"
"Jamie Bynoe-Gittens","€28.00m"
"Donyell Malen","€40.00m"
"Julien Duranville","€8.50m"
"Youssoufa Moukoko","€22.00m"
"Niclas Füllkrug","€15.00m"
"Sébastien Haller","€10.00m"
"Alexander Nübel","€12.00m"
"Fabian Bredlow","€1.00m"
"Dennis Seimen","€1.00m"
"Florian Schock","€200k"
"Hiroki Ito","€30.00m"
"Waldemar Anton","€20.00m"
"Dan-Axel Zagadou","€10.00m"
"Anthony Rouault","€7.00m"
"Leonidas Stergiou","€5.00m"
"Maximilian Mittelstädt","€17.00m"
"Josha Vagnoman","€10.00m"
"Pascal Stenzel","€2.50m"
"Angelo Stiller","€20.00m"
"Atakan Karazor","€12.00m"
"Mahmoud Dahoud","€6.00m"
"Nikolas Nartey","€600k"
"Roberto Massimo","€800k"
"Enzo Millot","€30.00m"
"Woo-yeong Jeong","€3.50m"
"Lilian Egloff","€800k"
"Genki Haraguchi","€500k"
"Laurin Ulrich","€500k"
"Chris Führich","€28.00m"
"Silas","€10.00m"
"Jamie Leweling","€9.00m"
"Luca Raimund","€500k"
"Serhou Guirassy","€40.00m"
"Deniz Undav","€25.00m"
"Kevin Trapp","€4.00m"
"Kauã Santos","€1.50m"
"Jens Grahl","€200k"
"Simon Simoni","€200k"
"Willian Pacho","€35.00m"
"Robin Koch","€18.00m"
"Tuta","€12.00m"
"Hrvoje Smolcic","€3.00m"
"Nnamdi Collins","€1.00m"
"Makoto Hasebe","€500k"
"Dario Gebuhr","€400k"
"Davis Bautista","€250k"
"Niels Nkounkou","€7.50m"
"Philipp Max","€2.00m"
"Aurélio Buta","€5.00m"
"Elias Baum","€1.00m"
"Timothy Chandler","€500k"
"Ellyes Skhiri","€11.00m"
"Hugo Larsson","€28.00m"
"Junior Dina Ebimbe","€12.00m"
"Donny van de Beek","€5.00m"
"Sebastian Rode","€1.00m"
"Sidney Raebiger","€300k"
"Mehdi Loune","€300k"
"Harpreet Ghotra","€100k"
"Farès Chaïbi","€18.00m"
"Mario Götze","€5.50m"
"Jean-Mattéo Bahoya","€7.50m"
"Ansgar Knauff","€10.00m"
"Omar Marmoush","€22.00m"
"Hugo Ekitiké","€20.00m"
"Sasa Kalajdzic","€5.00m"
"Nacho Ferri","€2.00m"
"Koen Casteels","€6.00m"
"Pavao Pervan","€300k"
"Niklas Klinger","€100k"
"Maxence Lacroix","€20.00m"
"Moritz Jenz","€7.50m"
"Sebastiaan Bornauw","€7.00m"
"Cédric Zesiger","€5.00m"
"Rogério","€5.00m"
"Joakim Maehle","€14.00m"
"Ridle Baku","€7.00m"
"Kilian Fischer","€1.50m"
"Kofi Amoako","€400k"
"Aster Vranckx","€12.00m"
"Mattias Svanberg","€12.00m"
"Maximilian Arnold","€7.00m"
"Yannick Gerhardt","€4.00m"
"Kevin Paredes","€7.50m"
"Lovro Majer","€20.00m"
"Jakub Kaminski","€6.00m"
"Ulysses Llanez","€200k"
"Patrick Wimmer","€15.00m"
"Vaclav Cerny","€7.00m"
"Jonas Wind","€20.00m"
"Tiago Tomás","€6.00m"
"Lukas Nmecha","€5.00m"
"Amin Sarr","€4.00m"
"Kevin Behrens","€2.00m"
"Dzenan Pejcinovic","€1.00m"
"Noah Atubolu","€10.00m"
"Florian Müller","€1.20m"
"Benjamin Uphoff","€300k"
"Philipp Lienhart","€15.00m"
"Matthias Ginter","€10.00m"
"Attila Szalai","€4.00m"
"Kenneth Schmidt","€2.50m"
"Manuel Gulde","€1.50m"
"Max Rosenfelder","€500k"
"Christian Günter","€5.00m"
"Jordy Makengo","€3.50m"
"Kiliann Sildillia","€15.00m"
"Lukas Kübler","€2.00m"
"Yannik Keitel","€5.00m"
"Nicolas Höfler","€2.00m"
"Merlin Röhl","€12.00m"
"Maximilian Eggestein","€10.00m"
"Daniel-Kofi Kyereh","€3.50m"
"Vincenzo Grifo","€9.00m"
"Noah Weißhaupt","€5.00m"
"Florent Muslija","€2.50m"
"Ritsu Doan","€18.00m"
"Roland Sallai","€15.00m"
"Maximilian Philipp","€2.00m"
"Michael Gregoritsch","€8.00m"
"Lucas Höler","€4.00m"
"Junior Adamu","€4.00m"
"Maximilian Breunig","€800k"
"Jonas Omlin","€6.00m"
"Moritz Nicolas","€2.50m"
"Jan Olschowsky","€600k"
"Tobias Sippel","€300k"
"Maximilian Brüll","€75k"
"Ko Itakura","€12.00m"
"Nico Elvedi","€10.00m"
"Maximilian Wöber","€10.00m"
"Marvin Friedrich","€3.50m"
"Fabio Chiarodia","€2.00m"
"Tony Jantschke","€400k"
"Mamadou Doucouré","€100k"
"Luca Netz","€10.00m"
"Lukas Ullrich","€750k"
"Joe Scally","€10.00m"
"Stefan Lainer","€2.50m"
"Simon Walde","€500k"
"Julian Weigl","€6.00m"
"Christoph Kramer","€1.70m"
"Manu Koné","€20.00m"
"Rocco Reitz","€10.00m"
"Florian Neuhaus","€7.00m"
"Robin Hack","€8.00m"
"Franck Honorat","€12.00m"
"Nathan Ngoumou","€5.00m"
"Patrick Herrmann","€1.00m"
"Tomas Cvancara","€8.00m"
"Alassane Plea","€7.00m"
"Jordan","€4.00m"
"Grant-Leon Ranos","€1.00m"
"Shio Fukuda","€300k"
"Oliver Baumann","€3.00m"
"Nahuel Noll","€500k"
"Luca Philipp","€300k"
"Ozan Kabak","€10.00m"
"Kevin Akpoguma","€3.00m"
"Stanley Nsoki","€2.50m"
"Tim Drexler","€2.50m"
"John Brooks","€2.00m"
"Kasim Adams","€700k"
"David Jurásek","€8.00m"
"Marco John","€1.50m"
"Pavel Kaderabek","€3.00m"
"Florian Grillitsch","€6.50m"
"Anton Stach","€15.00m"
"Grischa Prömel","€7.00m"
"Umut Tohumcu","€7.00m"
"Dennis Geiger","€3.00m"
"Finn Ole Becker","€2.50m"
"Robert Skov","€5.00m"
"Tom Bischof","€3.50m"
"Marius Bülter","€2.50m"
"Bambasé Conté","€700k"
"Maximilian Beier","€30.00m"
"Mergim Berisha","€10.00m"
"Wout Weghorst","€6.00m"
"Andrej Kramaric","€5.00m"
"Ihlas Bebou","€4.00m"
"Max Moerstedt","€1.00m"
"Frederik Rönnow","€4.50m"
"Alexander Schwolow","€700k"
"Jakob Busk","€250k"
"Danilho Doekhi","€17.00m"
"Diogo Leite","€15.00m"
"Robin Knoche","€2.50m"
"Kevin Vogt","€2.00m"
"Paul Jaeckel","€2.00m"
"Jérôme Roussillon","€2.50m"
"Josip Juranovic","€7.50m"
"Christopher Trimmel","€600k"
"Lucas Tousart","€7.00m"
"Rani Khedira","€5.00m"
"Alex Král","€5.00m"
"Aïssa Laïdouni","€6.00m"
"András Schäfer","€5.00m"
"Janik Haberer","€3.00m"
"Robin Gosens","€12.00m"
"Brenden Aaronson","€12.00m"
"Yorbe Vertessen","€5.00m"
"Kevin Volland","€4.00m"
"Benedict Hollerbach","€4.00m"
"Mikkel Kaufmann","€2.70m"
"Chris Bedia","€2.50m"
"Robin Zentner","€3.00m"
"Daniel Batz","€350k"
"Lasse Rieß","€200k"
"Sepp van den Berg","€12.00m"
"Andreas Hanche-Olsen","€9.00m"
"Edimilson Fernandes","€3.50m"
"Maxim Leitsch","€1.50m"
"Stefan Bell","€800k"
"Anthony Caci","€7.00m"
"Phillipp Mwene","€1.80m"
"Silvan Widmer","€3.00m"
"Danny da Costa","€1.20m"
"Dominik Kohr","€3.00m"
"Josuha Guilavogui","€700k"
"Leandro Barreiro","€17.00m"
"Nadiem Amiri","€7.00m"
"Tom Krauß","€4.00m"
"Merveille Papela","€1.00m"
"Jae-sung Lee","€2.50m"
"Marco Richter","€2.00m"
"Brajan Gruda","€20.00m"
"David Mamutovic","€300k"
"Jonathan Burkardt","€12.00m"
"Nelson Weiper","€5.00m"
"Ludovic Ajorque","€3.00m"
"Karim Onisiwo","€1.50m"
"Jessic Ngankam","€1.50m"
"Finn Dahmen","€5.00m"
"Tomas Koubek","€800k"
"Marcel Lubik","€250k"
"Felix Uduokhai","€7.00m"
"Maximilian Bauer","€3.00m"
"Patric Pfeiffer","€2.00m"
"Jeffrey Gouweleeuw","€2.00m"
"Reece Oxford","€1.50m"
"Iago","€4.00m"
"Mads Pedersen","€2.50m"
"Kevin Mbabu","€4.00m"
"Robert Gumny","€2.00m"
"Raphael Framberger","€600k"
"Kristijan Jakic","€6.50m"
"Niklas Dorsch","€4.00m"
"Tim Breithaupt","€3.00m"
"Arne Engels","€9.00m"
"Arne Maier","€5.00m"
"Elvis Rexhbecaj","€3.50m"
"Fredrik Jensen","€3.50m"
"Pep Biel","€3.00m"
"Mert Kömür","€2.00m"
"Rubén Vargas","€7.50m"
"Ermedin Demirovic","€28.00m"
"Phillip Tietz","€5.00m"
"Dion Beljo","€4.00m"
"Sven Michel","€700k"
"Michael Zetterer","€3.00m"
"Jiri Pavlenka","€1.50m"
"Dudu","€200k"
"Marco Friedl","€7.50m"
"Niklas Stark","€5.50m"
"Milos Veljkovic","€4.50m"
"Amos Pieper","€4.00m"
"Julián Malatini","€2.50m"
"Anthony Jung","€1.00m"
"Mitchell Weiser","€6.00m"
"Felix Agu","€4.00m"
"Senne Lynen","€7.00m"
"Christian Groß","€300k"
"Jens Stage","€7.50m"
"Skelly Alvero","€4.00m"
"Naby Keïta","€2.00m"
"Olivier Deman","€5.00m"
"Leon Opitz","€600k"
"Romano Schmid","€10.00m"
"Leonardo Bittencourt","€2.50m"
"Isak Hansen-Aarøen","€1.50m"
"Justin Njinmah","€9.00m"
"Nick Woltemade","€4.00m"
"Marvin Ducksch","€9.00m"
"Dawid Kownacki","€2.00m"
"Marvin Schwäbe","€4.00m"
"Philipp Pentke","€300k"
"Jonas Nickisch","€200k"
"Matthias Köbbing","€100k"
"Jeff Chabot","€9.00m"
"Timo Hübers","€5.50m"
"Luca Kilian","€2.00m"
"Dominique Heintz","€800k"
"Elias Bakatukanda","€250k"
"Max Finkgräfe","€6.00m"
"Leart Paçarada","€1.50m"
"Rasmus Carstensen","€2.00m"
"Benno Schmitz","€1.50m"
"Eric Martel","€7.50m"
"Dejan Ljubicic","€5.00m"
"Jacob Christensen","€1.50m"
"Denis Huseinbasic","€4.00m"
"Florian Kainz","€2.50m"
"Faride Alidou","€2.50m"
"Justin Diehl","€2.50m"
"Jan Thielmann","€5.00m"
"Linton Maina","€3.00m"
"Davie Selke","€2.80m"
"Luca Waldschmidt","€2.50m"
"Damion Downs","€2.00m"
"Steffen Tigges","€1.50m"
"Mark Uth","€1.00m"
"Sargis Adamyan","€600k"
"Florian Dietz","€600k"
"Kevin Müller","€1.00m"
"Vitus Eicher","€250k"
"Frank Feller","€200k"
"Paul Tschernuth","€100k"
"Benedikt Gimber","€2.80m"
"Patrick Mainka","€2.50m"
"Tim Siersleben","€1.50m"
"Thomas Keller","€350k"
"Jonas Föhrenbach","€2.00m"
"Norman Theuerkauf","€300k"
"Seedy Jarju","€200k"
"Omar Traoré","€2.50m"
"Marnon Busch","€1.20m"
"Lennard Maloney","€5.00m"
"Luka Janes","€200k"
"Jan Schöppner","€3.00m"
"Kevin Sessa","€2.50m"
"Adrian Beck","€1.50m"
"Denis Thomalla","€750k"
"Jan-Niklas Beste","€15.00m"
"Florian Pick","€700k"
"Eren Dinkçi","€12.00m"
"Nikola Dovedan","€800k"
"Tim Kleindienst","€6.00m"
"Marvin Pieringer","€3.00m"
"Stefan Schimmer","€500k"
"Christian Kühlwetter","€500k"
"Elidon Qenaj","€100k"
"Manuel Riemann","€600k"
"Niclas Thiede","€350k"
"Andreas Luthe","€300k"
"Michael Esser","€300k"
"Keven Schlotterbeck","€6.00m"
"Bernardo","€5.50m"
"Erhan Masovic","€5.00m"
"Tim Oermann","€4.00m"
"Ivan Ordets","€2.50m"
"Noah Loosli","€800k"
"Mohammed Tolba","€200k"
"Maximilian Wittek","€2.00m"
"Danilo Soares","€700k"
"Moritz Römling","€150k"
"Felix Passlack","€1.80m"
"Cristian Gamboa","€500k"
"Agon Elezi","€800k"
"Anthony Losilla","€500k"
"Patrick Osterhage","€7.00m"
"Matus Bero","€3.50m"
"Kevin Stöger","€5.00m"
"Philipp Förster","€1.80m"
"Lukas Daschner","€1.20m"
"Moritz-Broni Kwarteng","€1.20m"
"Christopher Antwi-Adjei","€1.20m"
"Takuma Asano","€4.00m"
"Moritz Broschinski","€3.00m"
"Philipp Hofmann","€1.80m"
"Gonçalo Paciência","€1.50m"
"Marcel Schuhen","€800k"
"Alexander Brunst","€400k"
"Morten Behrens","€250k"
"Christoph Klarer","€3.00m"
"Matej Maglica","€2.00m"
"Clemens Riedel","€2.00m"
"Christoph Zimmermann","€1.00m"
"Jannik Müller","€800k"
"Thomas Isherwood","€500k"
"Emir Karic","€1.00m"
"Fabian Holland","€500k"
"Matthias Bader","€1.80m"
"Bartol Franjic","€1.80m"
"Andreas Müller","€800k"
"Klaus Gjasula","€400k"
"Fabian Nürnberger","€2.50m"
"Fabian Schnellhardt","€1.00m"
"Tobias Kempe","€500k"
"Marvin Mehlem","€2.50m"
"Julian Justvan","€1.50m"
"Mathias Honsak","€1.20m"
"Gerrit Holtmann","€1.00m"
"Tim Skarke","€3.00m"
"Braydon Manu","€1.20m"
"Oscar Vilhelmsson","€2.00m"
"Fraser Hornby","€1.20m"
"Luca Pfeiffer","€1.20m"
"Aaron Seydel","€500k"
"Sebastian Polter","€500k"
"Fabio Torsiello","€500k"
"Gianluigi Donnarumma","€40.00m"
"Arnau Tenas","€5.00m"
"Keylor Navas","€1.50m"
"Sergio Rico","€1.50m"
"Alexandre Letellier","€250k"
"Marquinhos","€50.00m"
"Lucas Beraldo","€30.00m"
"Milan Skriniar","€30.00m"
"Presnel Kimpembe","€12.00m"
"Nuno Mendes","€55.00m"
"Lucas Hernández","€40.00m"
"Layvin Kurzawa","€1.80m"
"Achraf Hakimi","€60.00m"
"Nordi Mukiele","€10.00m"
"Yoram Zague","€2.50m"
"Manuel Ugarte","€45.00m"
"Danilo Pereira","€8.00m"
"Warren Zaïre-Emery","€60.00m"
"Vitinha","€50.00m"
"Fabián Ruiz","€30.00m"
"Carlos Soler","€20.00m"
"Ethan Mbappé","€1.50m"
"Kang-in Lee","€25.00m"
"Senny Mayulu","€5.00m"
"Bradley Barcola","€50.00m"
"Ousmane Dembélé","€60.00m"
"Marco Asensio","€20.00m"
"Kylian Mbappé","€180.00m"
"Gonçalo Ramos","€50.00m"
"Randal Kolo Muani","€45.00m"
"Radoslaw Majecki","€5.00m"
"Philipp Köhn","€5.00m"
"Yann Lienard","€200k"
"Mohammed Salisu","€15.00m"
"Guillermo Maripán","€10.00m"
"Thilo Kehrer","€10.00m"
"Soungoutou Magassa","€8.00m"
"Caio Henrique","€20.00m"
"Ismail Jakobs","€8.00m"
"Kassoum Ouattara","€8.00m"
"Wilfried Singo","€25.00m"
"Vanderson","€20.00m"
"Denis Zakaria","€25.00m"
"Mohamed Camara","€20.00m"
"Youssouf Fofana","€30.00m"
"Edan Diop","€2.00m"
"Aleksandr Golovin","€30.00m"
"Maghnes Akliouche","€25.00m"
"Eliesse Ben Seghir","€15.00m"
"Takumi Minamino","€20.00m"
"Krépin Diatta","€12.00m"
"Folarin Balogun","€30.00m"
"Breel Embolo","€12.00m"
"Wissam Ben Yedder","€8.00m"
"Lucas Chevalier","€25.00m"
"Vito Mannone","€200k"
"Adam Jakubech","€200k"
"Leny Yoro","€50.00m"
"Alexsandro","€8.00m"
"Samuel Umtiti","€2.50m"
"Rafael Fernandes","€1.50m"
"Gabriel Gudmundsson","€5.00m"
"Ismaily","€1.80m"
"Bafodé Diakité","€18.00m"
"Tiago Santos","€15.00m"
"Nabil Bentaleb","€10.00m"
"Benjamin André","€8.00m"
"Ignacio Miramón","€2.50m"
"Ayyoub Bouaddi","€6.00m"
"Angel Gomes","€25.00m"
"Yusuf Yazıcı","€10.00m"
"Rémy Cabella","€3.50m"
"Hákon Arnar Haraldsson","€9.00m"
"Tiago Morais","€3.00m"
"Ivan Cavaleiro","€2.00m"
"Edon Zhegrova","€25.00m"
"Adam Ounas","€4.00m"
"Jonathan David","€50.00m"
"Andrej Ilic","€3.00m"
"Gauthier Gallon","€1.20m"
"Steve Mandanda","€800k"
"Geoffrey Lembet","€150k"
"Arthur Theate","€20.00m"
"Jeanuël Belocian","€10.00m"
"Alidu Seidu","€9.00m"
"Warmed Omari","€8.00m"
"Christopher Wooh","€6.00m"
"Adrien Truffert","€18.00m"
"Mahamadou Nagida","€500k"
"Guéla Doué","€7.00m"
"Azor Matusiwa","€12.00m"
"Baptiste Santamaria","€10.00m"
"Benjamin Bourigeaud","€18.00m"
"Enzo Le Fée","€18.00m"
"Ludovic Blas","€15.00m"
"Fabian Rieder","€8.00m"
"Désiré Doué","€30.00m"
"Amine Gouiri","€25.00m"
"Martin Terrier","€20.00m"
"Ibrahim Salah","€4.00m"
"Arnaud Kalimuendo","€20.00m"
"Bertuğ Yıldırım","€3.50m"
"Mathis Lambourde","€500k"
"Marcin Bulka","€20.00m"
"Maxime Dupé","€1.50m"
"Teddy Boulhendi","€100k"
"Jean-Clair Todibo","€35.00m"
"Dante","€500k"
"Amidou Doumbouya","€300k"
"Yannis Nahounou","€50k"
"Melvin Bard","€12.00m"
"Romain Perraud","€5.00m"
"Jordan Lotomba","€8.00m"
"Valentin Rosier","€4.00m"
"Antoine Mendy","€800k"
"Youssouf Ndayishimiye","€15.00m"
"Pablo Rosario","€8.00m"
"Alexis Beka Beka","€1.50m"
"Khéphren Thuram","€35.00m"
"Hicham Boudaoui","€9.00m"
"Morgan Sanson","€8.00m"
"Tom Louchet","€3.00m"
"Daouda Traoré","€50k"
"Alexis Claude-Maurice","€3.50m"
"Jérémie Boga","€15.00m"
"Sofiane Diop","€12.00m"
"Mohamed-Ali Cho","€10.00m"
"Aliou Baldé","€800k"
"Terem Moffi","€25.00m"
"Gaëtan Laborde","€10.00m"
"Evann Guessand","€8.00m"
"Lucas Perri","€6.00m"
"Anthony Lopes","€4.00m"
"Justin Bengui Joao","€300k"
"Jake O'Brien","€12.00m"
"Duje Caleta-Car","€7.00m"
"Sinaly Diomandé","€4.00m"
"Adryelson","€4.00m"
"Dejan Lovren","€1.20m"
"Nicolás Tagliafico","€8.00m"
"Henrique Silva","€1.00m"
"Saël Kumbedi","€7.00m"
"Clinton Mata","€4.00m"
"Johann Lepenant","€6.00m"
"Nemanja Matic","€3.00m"
"Paul Akouokou","€1.50m"
"Maxence Caqueret","€20.00m"
"Orel Mangala","€20.00m"
"Corentin Tolisso","€5.00m"
"Mahamadou Diawara","€3.00m"
"Mohamed El Arouch","€1.50m"
"Ainsley Maitland-Niles","€9.00m"
"Malick Fofana","€15.00m"
"Rayan Cherki","€25.00m"
"Saïd Benrahma","€20.00m"
"Ernest Nuamah","€18.00m"
"Gift Orban","€15.00m"
"Alexandre Lacazette","€9.00m"
"Mama Baldé","€4.00m"
"Pau López","€10.00m"
"Rubén Blanco","€2.00m"
"Simon Ngapandouetnbu","€300k"
"Leonardo Balerdi","€20.00m"
"Chancel Mbemba","€15.00m"
"Samuel Gigot","€9.00m"
"Bamo Meïté","€6.00m"
"Quentin Merlin","€10.00m"
"Ulisses Garcia","€4.00m"
"Jonathan Clauss","€12.00m"
"Amir Murillo","€4.00m"
"Geoffrey Kondogbia","€12.00m"
"Pape Gueye","€6.00m"
"Jean Onana","€4.00m"
"Jordan Veretout","€15.00m"
"Azzedine Ounahi","€12.00m"
"Valentin Rongier","€12.00m"
"Bilal Nadir","€500k"
"Emran Soglo","€1.00m"
"Amine Harit","€15.00m"
"Luis Henrique","€8.00m"
"Ismaïla Sarr","€18.00m"
"Joaquín Correa","€6.00m"
"Iliman Ndiaye","€15.00m"
"Faris Moumbagna","€10.00m"
"Pierre-Emerick Aubameyang","€5.00m"
"Brice Samba","€15.00m"
"Jean-Louis Leca","€200k"
"Yannick Pandor","€100k"
"Kevin Danso","€25.00m"
"Facundo Medina","€25.00m"
"Jonathan Gradit","€4.50m"
"Abdukodir Khusanov","€2.50m"
"Deiver Machado","€4.00m"
"Jhoanner Chávez","€2.00m"
"Massadio Haidara","€2.00m"
"Ruben Aguilar","€5.00m"
"Salis Abdul Samed","€8.00m"
"Nampalys Mendy","€3.00m"
"Andy Diouf","€9.00m"
"Neil El Aynaoui","€8.00m"
"Przemyslaw Frankowski","€9.00m"
"Jimmy Cabot","€2.50m"
"David Pereira da Costa","€8.00m"
"Angelo Fulgini","€7.00m"
"Adrien Thomasson","€5.00m"
"Ayanda Sishuba","€500k"
"Nolan Bonte","€50k"
"Morgan Guilavogui","€3.00m"
"Elye Wahi","€35.00m"
"Wesley Saïd","€4.00m"
"Florian Sotoca","€3.00m"
"Ibrahima Baldé","€300k"
"Alaa Bellaarouch","€2.00m"
"Matthieu Dreyer","€150k"
"Alexandre Pierre","€100k"
"Abakar Sylla","€12.00m"
"Ismaël Doukouré","€10.00m"
"Lucas Perrin","€3.00m"
"Saïdou Sow","€2.50m"
"Steven Baseya","€50k"
"Thomas Delaine","€1.00m"
"Frédéric Guilbert","€4.00m"
"Marvin Senaya","€2.00m"
"Karol Fila","€700k"
"Junior Mwanga","€7.00m"
"Ibrahima Sissoko","€6.00m"
"Jean-Eudes Aholou","€800k"
"Andrey Santos","€15.00m"
"Jessy Deminguet","€1.20m"
"Habib Diarra","€18.00m"
"Dilane Bakwa","€10.00m"
"Ângelo","€15.00m"
"Emanuel Emegha","€12.00m"
"Moïse Sahi Dion","€2.00m"
"Lebo Mothiba","€1.50m"
"Kévin Gameiro","€700k"
"Guillaume Restes","€18.00m"
"Álex Domínguez","€300k"
"Thomas Himeur","€50k"
"Justin Lacombe","€50k"
"Logan Costa","€12.00m"
"Christian Mawissa","€9.00m"
"Rasmus Nicolaisen","€6.00m"
"Moussa Diarra","€2.00m"
"Kévin Keben","€500k"
"Gabriel Suazo","€3.50m"
"Mikkel Desler","€3.00m"
"Warren Kamanzi","€2.00m"
"Stijn Spierings","€4.50m"
"Vincent Sierro","€4.00m"
"Cristian Cásseres Jr.","€4.00m"
"Yann Gboho","€4.00m"
"Niklas Schmidt","€3.00m"
"Denis Genreau","€1.50m"
"César Gelabert","€1.50m"
"Naatan Skyttä","€400k"
"Ibrahim Cissoko","€1.50m"
"Zakaria Aboukhlal","€10.00m"
"Aron Dønnum","€3.50m"
"Shavy Babicka","€2.00m"
"Thijs Dallinga","€18.00m"
"Frank Magri","€3.00m"
"Marco Bizot","€4.00m"
"Grégoire Coudert","€400k"
"Yan Marillat","€150k"
"Lilian Brassier","€12.00m"
"Brendan Chardonnet","€8.00m"
"Julien Le Cardinal","€1.50m"
"Bradley Locko","€12.00m"
"Jordan Amavi","€1.20m"
"Antonin Cartillier","€200k"
"Kenny Lala","€3.00m"
"Luck Zogbé","€100k"
"Pierre Lees-Melou","€10.00m"
"Jonas Martin","€1.00m"
"Mahdi Camara","€10.00m"
"Hugo Magnetti","€7.00m"
"Axel Camblan","€500k"
"Kamory Doumbia","€5.00m"
"Jérémy Le Douaron","€5.00m"
"Billal Brahimi","€3.00m"
"Mathias Pereira Lage","€2.50m"
"Adrien Lebeau","€300k"
"Romain Del Castillo","€10.00m"
"Martín Satriano","€7.00m"
"Steve Mounié","€6.00m"
"Yehvann Diouf","€8.00m"
"Alexandre Olliero","€400k"
"Ludovic Butelle","€100k"
"Joseph Okumu","€9.00m"
"Emmanuel Agbadou","€9.00m"
"Yunis Abdelhamid","€600k"
"Sergio Akieme","€7.00m"
"Thibault De Smet","€4.00m"
"Thomas Foket","€6.00m"
"Maxime Busi","€1.50m"
"Thérence Koudou","€800k"
"Valentin Atangana","€1.00m"
"Benjamin Stambouli","€700k"
"Marshall Munetsi","€10.00m"
"Teddy Teuma","€7.00m"
"Amir Richardson","€6.00m"
"Reda Khadra","€3.00m"
"Amadou Koné","€500k"
"Mohamed Daramy","€10.00m"
"Keito Nakamura","€9.00m"
"Mamadou Diakhon","€700k"
"Junya Ito","€8.00m"
"Oumar Diakité","€6.00m"
"Adama Bojang","€500k"
"Yvon Mvogo","€3.00m"
"Alfred Gomis","€1.00m"
"Dominique Youfeigane","€150k"
"Montassar Talbi","€7.00m"
"Isaak Touré","€7.00m"
"Formose Mendy","€4.50m"
"Nathaniel Adjei","€2.50m"
"Julien Laporte","€2.00m"
"Loris Mouyokolo","€300k"
"Benjamin Mendy","€2.00m"
"Darlin Yongwa","€1.50m"
"Gédéon Kalulu","€3.50m"
"Panos Katseris","€2.50m"
"Igor Silva","€1.00m"
"Laurent Abergel","€3.00m"
"Tiemoué Bakayoko","€2.00m"
"Bonke Innocent","€1.00m"
"Imrân Louza","€7.00m"
"Jean-Victor Makengo","€6.00m"
"Ayman Kari","€4.00m"
"Théo Le Bris","€2.00m"
"Julien Ponceau","€3.50m"
"Quentin Boisgard","€700k"
"Badredine Bouanani","€5.00m"
"Eli Junior Kroupi","€15.00m"
"Mohamed Bamba","€6.00m"
"Bamba Dieng","€4.00m"
"Aiyegun Tosin","€3.00m"
"Benjamin Lecomte","€3.50m"
"Dimitry Bertaud","€1.20m"
"Belmin Dizdarevic","€200k"
"Becir Omeragic","€6.00m"
"Kiki Kouyaté","€5.00m"
"Modibo Sagnan","€3.00m"
"Christopher Jullien","€2.50m"
"Issiaga Sylla","€2.50m"
"Théo Sainte-Luce","€1.00m"
"Lucas Mincarelli","€1.00m"
"Falaye Sacko","€4.00m"
"Enzo Tchato","€2.50m"
"Silvan Hefti","€2.50m"
"Joris Chotard","€10.00m"
"Khalil Fayad","€5.00m"
"Jordan Ferri","€4.50m"
"Léo Leroy","€1.00m"
"Téji Savanier","€9.00m"
"Sacha Delaye","€300k"
"Yann Karamoh","€2.50m"
"Wahbi Khazri","€1.80m"
"Arnaud Nordin","€8.00m"
"Mousa Tamari","€8.00m"
"Tanguy Coulibaly","€2.00m"
"Akor Adams","€10.00m"
"Alban Lafont","€9.00m"
"Rémy Descamps","€1.50m"
"Denis Petric","€100k"
"Nathan Zeze","€5.00m"
"Eray Cömert","€4.00m"
"Jean-Kévin Duverne","€3.50m"
"Jean-Charles Castelletto","€3.50m"
"Bastien Meupiyou","€800k"
"Nicolas Pallois","€600k"
"Nicolas Cozza","€3.50m"
"Kelvin Amian","€2.50m"
"Pedro Chirivella","€7.00m"
"Douglas Augusto","€6.00m"
"Samuel Moutoussamy","€3.00m"
"Moussa Sissoko","€1.20m"
"Florent Mollet","€1.80m"
"Moses Simon","€12.00m"
"Stredair Appuah","€500k"
"Marcus Coco","€1.50m"
"Abdoul Kader Bamba","€900k"
"Mostafa Mohamed","€10.00m"
"Matthis Abline","€6.00m"
"Bénie Traoré","€4.00m"
"Ignatius Ganago","€3.00m"
"Tino Kadewere","€2.50m"
"Arthur Desmas","€2.50m"
"Mathieu Gorgelin","€200k"
"Arouna Sangante","€10.00m"
"Étienne Youté Kinkoué","€7.00m"
"Gautier Lloris","€3.00m"
"Yoann Salmier","€1.50m"
"Christopher Operi","€4.00m"
"Cheick Doumbia","€50k"
"Loïc Nego","€900k"
"Oualid El Hajjam","€800k"
"Abdoulaye Touré","€3.00m"
"Aloïs Confais","€250k"
"Daler Kuzyaev","€8.00m"
"Yassine Kechta","€5.00m"
"Oussama Targhalline","€2.50m"
"Rassoul Ndiaye","€2.50m"
"Antoine Joujou","€1.50m"
"André Ayew","€1.00m"
"Josué Casimir","€3.00m"
"Emmanuel Sabbi","€2.50m"
"Samuel Grandsir","€1.50m"
"Mohamed Bayo","€5.00m"
"Andy Logbo","€800k"
"Steve Ngoura","€400k"
"Guillaume Dietsch","€600k"
"Alexandre Oukidja","€500k"
"Marc-Aurèle Caillard","€200k"
"Fali Candé","€2.50m"
"Christophe Hérelle","€1.50m"
"Sadibou Sané","€800k"
"Aboubacar Lô","€300k"
"Ismaël Traoré","€250k"
"Matthieu Udol","€2.50m"
"Kevin Van Den Kerkhof","€3.00m"
"Koffi Kouao","€1.50m"
"Maxime Colin","€900k"
"Danley Jean Jacques","€2.00m"
"Kévin N'Doram","€1.50m"
"Arthur Atta","€1.00m"
"Warren Tchimbembé","€300k"
"Lamine Camara","€10.00m"
"Joseph Nduquidi","€800k"
"Cheikh Sabaly","€2.00m"
"Papa Amadou Diallo","€1.00m"
"Didier Lamkel Zé","€1.00m"
"Maïdine Douane","€200k"
"Ablie Jallow","€2.00m"
"Joel Asoro","€1.50m"
"Malick Mbaye","€500k"
"Georges Mikautadze","€15.00m"
"Benjamin Tetteh","€1.00m"
"Ibou Sané","€300k"
"Mory Diaw","€1.80m"
"Massamba N'Diaye","€500k"
"Théo Borne","€50k"
"Chrislain Matsima","€7.00m"
"Andy Pelmard","€3.50m"
"Maximiliano Caufriez","€2.50m"
"Jérémy Jacquet","€500k"
"Florent Ogier","€300k"
"Neto Borges","€3.00m"
"Yoël Armougom","€300k"
"Cheick Oumar Konaté","€1.50m"
"Mehdi Zeffane","€500k"
"Yohann Magnin","€2.00m"
"Maxime Gonalons","€700k"
"Johan Gastien","€500k"
"Habib Keïta","€1.00m"
"Muhammed Cham","€6.00m"
"Alan Virginius","€3.50m"
"Elbasan Rashani","€1.50m"
"Jérémie Bela","€600k"
"Jim Allevinah","€2.00m"
"Bilal Boutobba","€1.80m"
"Shamar Nicholson","€5.00m"
"Grejohn Kyei","€1.50m"
"Komnen Andric","€1.00m"
"Ederson","€35.00m"
"Stefan Ortega","€9.00m"
"Scott Carson","€200k"
"Rúben Dias","€80.00m"
"Manuel Akanji","€45.00m"
"Nathan Aké","€40.00m"
"John Stones","€38.00m"
"Taylor Harwood-Bellis","€22.00m"
"Josko Gvardiol","€75.00m"
"Sergio Gómez","€10.00m"
"Josh Wilson-Esbrand","€4.00m"
"Rico Lewis","€38.00m"
"Kyle Walker","€13.00m"
"Issa Kaboré","€10.00m"
"Rodri","€120.00m"
"Matheus Nunes","€50.00m"
"Mateo Kovacic","€30.00m"
"James McAtee","€12.00m"
"Bernardo Silva","€70.00m"
"Kevin De Bruyne","€50.00m"
"Jérémy Doku","€65.00m"
"Jack Grealish","€60.00m"
"Phil Foden","€150.00m"
"Oscar Bobb","€25.00m"
"Erling Haaland","€180.00m"
"Julián Álvarez","€90.00m"
"David Raya","€35.00m"
"Aaron Ramsdale","€25.00m"
"Karl Hein","€2.00m"
"Arthur Okonkwo","€1.80m"
"William Saliba","€80.00m"
"Gabriel Magalhães","€70.00m"
"Jurrien Timber","€38.00m"
"Oleksandr Zinchenko","€38.00m"
"Jakub Kiwior","€30.00m"
"Ben White","€55.00m"
"Takehiro Tomiyasu","€35.00m"
"Cédric Soares","€2.00m"
"Declan Rice","€120.00m"
"Thomas Partey","€18.00m"
"Jorginho","€12.00m"
"Mohamed Elneny","€3.50m"
"Albert Sambi Lokonga","€15.00m"
"Martin Ødegaard","€110.00m"
"Kai Havertz","€70.00m"
"Emile Smith Rowe","€22.00m"
"Fábio Vieira","€22.00m"
"Gabriel Martinelli","€70.00m"
"Leandro Trossard","€35.00m"
"Bukayo Saka","€140.00m"
"Reiss Nelson","€15.00m"
"Gabriel Jesus","€65.00m"
"Eddie Nketiah","€30.00m"
"Robert Sánchez","€20.00m"
"Djordje Petrovic","€20.00m"
"Marcus Bettinelli","€1.00m"
"Levi Colwill","€50.00m"
"Axel Disasi","€40.00m"
"Benoît Badiashile","€30.00m"
"Wesley Fofana","€25.00m"
"Trevoh Chalobah","€13.00m"
"Alfie Gilchrist","€5.00m"
"Malang Sarr","€4.00m"
"Thiago Silva","€1.00m"
"Ben Chilwell","€28.00m"
"Marc Cucurella","€25.00m"
"Reece James","€40.00m"
"Malo Gusto","€35.00m"
"Moisés Caicedo","€75.00m"
"Roméo Lavia","€35.00m"
"Lesley Ugochukwu","€25.00m"
"Enzo Fernández","€75.00m"
"Conor Gallagher","€50.00m"
"Carney Chukwuemeka","€15.00m"
"Cesare Casadei","€10.00m"
"Cole Palmer","€80.00m"
"Christopher Nkunku","€65.00m"
"Raheem Sterling","€35.00m"
"Mykhaylo Mudryk","€35.00m"
"Diego Moreira","€3.00m"
"Noni Madueke","€28.00m"
"Nicolas Jackson","€35.00m"
"Armando Broja","€22.00m"
"David Datro Fofana","€12.00m"
"Deivid Washington","€9.00m"
"Alisson","€28.00m"
"Caoimhín Kelleher","€20.00m"
"Adrián","€600k"
"Ibrahima Konaté","€45.00m"
"Virgil van Dijk","€30.00m"
"Joe Gomez","€28.00m"
"Jarell Quansah","€22.00m"
"Joel Matip","€8.00m"
"Nathaniel Phillips","€3.50m"
"Rhys Williams","€1.80m"
"Andrew Robertson","€30.00m"
"Konstantinos Tsimikas","€22.00m"
"Trent Alexander-Arnold","€70.00m"
"Conor Bradley","€15.00m"
"Calvin Ramsay","€4.00m"
"Wataru Endo","€13.00m"
"Stefan Bajcetic","€11.00m"
"Dominik Szoboszlai","€75.00m"
"Alexis Mac Allister","€75.00m"
"Curtis Jones","€35.00m"
"Harvey Elliott","€35.00m"
"Ryan Gravenberch","€35.00m"
"Thiago","€10.00m"
"Bobby Clark","€1.00m"
"Fábio Carvalho","€14.00m"
"Luis Díaz","€75.00m"
"Cody Gakpo","€50.00m"
"Diogo Jota","€50.00m"
"Mohamed Salah","€55.00m"
"Ben Doak","€10.00m"
"Darwin Núñez","€70.00m"
"Guglielmo Vicario","€35.00m"
"Fraser Forster","€1.20m"
"Brandon Austin","€600k"
"Alfie Whiteman","€500k"
"Cristian Romero","€60.00m"
"Micky van de Ven","€55.00m"
"Radu Drăgușin","€25.00m"
"Joe Rodon","€8.00m"
"Ashley Phillips","€2.20m"
"Japhet Tanganga","€1.80m"
"Destiny Udogie","€45.00m"
"Sergio Reguilón","€12.00m"
"Ben Davies","€10.00m"
"Pedro Porro","€45.00m"
"Emerson Royal","€18.00m"
"Yves Bissouma","€35.00m"
"Pierre-Emile Højbjerg","€18.00m"
"Oliver Skipp","€15.00m"
"Pape Matar Sarr","€45.00m"
"Rodrigo Bentancur","€35.00m"
"Ryan Sessegnon","€10.00m"
"James Maddison","€70.00m"
"Giovani Lo Celso","€16.00m"
"Heung-min Son","€45.00m"
"Bryan Gil","€14.00m"
"Manor Solomon","€13.00m"
"Dejan Kulusevski","€55.00m"
"Brennan Johnson","€48.00m"
"Richarlison","€38.00m"
"Timo Werner","€17.00m"
"André Onana","€35.00m"
"Altay Bayındır","€10.00m"
"Tom Heaton","€250k"
"Lisandro Martínez","€45.00m"
"Raphaël Varane","€20.00m"
"Harry Maguire","€18.00m"
"Victor Lindelöf","€15.00m"
"Willy Kambwala","€5.00m"
"Jonny Evans","€2.00m"
"Luke Shaw","€32.00m"
"Tyrell Malacia","€18.00m"
"Brandon Williams","€2.50m"
"Diogo Dalot","€35.00m"
"Aaron Wan-Bissaka","€20.00m"
"Scott McTominay","€32.00m"
"Sofyan Amrabat","€22.00m"
"Casemiro","€20.00m"
"Kobbie Mainoo","€50.00m"
"Christian Eriksen","€8.00m"
"Daniel Gore","€900k"
"Bruno Fernandes","€70.00m"
"Mason Mount","€35.00m"
"Shola Shoretire","€4.00m"
"Marcus Rashford","€60.00m"
"Alejandro Garnacho","€45.00m"
"Antony","€25.00m"
"Amad Diallo","€18.00m"
"Omari Forson","€2.00m"
"Rasmus Højlund","€65.00m"
"Anthony Martial","€10.00m"
"Emiliano Martínez","€28.00m"
"Joe Gauci","€1.50m"
"Robin Olsen","€1.50m"
"Filip Marschall","€800k"
"Viljami Sinisalo","€600k"
"Pau Torres","€45.00m"
"Ezri Konsa","€35.00m"
"Diego Carlos","€16.00m"
"Tyrone Mings","€13.00m"
"Clément Lenglet","€10.00m"
"Calum Chambers","€4.00m"
"Kortney Hause","€2.00m"
"Álex Moreno","€13.00m"
"Lucas Digne","€12.00m"
"Lino Sousa","€2.00m"
"Matty Cash","€28.00m"
"Kaine Kesler-Hayden","€2.20m"
"Boubacar Kamara","€38.00m"
"Douglas Luiz","€70.00m"
"John McGinn","€30.00m"
"Youri Tielemans","€25.00m"
"Tim Iroegbunam","€4.00m"
"Jacob Ramsey","€35.00m"
"Nicolò Zaniolo","€20.00m"
"Morgan Rogers","€15.00m"
"Moussa Diaby","€55.00m"
"Leon Bailey","€42.00m"
"Emiliano Buendía","€22.00m"
"Ollie Watkins","€65.00m"
"Jhon Durán","€20.00m"
"Nick Pope","€16.00m"
"Martin Dubravka","€1.00m"
"Loris Karius","€1.00m"
"Mark Gillespie","€300k"
"Sven Botman","€45.00m"
"Fabian Schär","€10.00m"
"Jamaal Lascelles","€7.00m"
"Paul Dummett","€900k"
"Kell Watts","€250k"
"Lewis Hall","€18.00m"
"Matt Targett","€10.00m"
"Dan Burn","€8.00m"
"Jamal Lewis","€3.50m"
"Tino Livramento","€35.00m"
"Kieran Trippier","€10.00m"
"Emil Krafth","€2.50m"
"Harrison Ashby","€1.20m"
"Bruno Guimarães","€85.00m"
"Sandro Tonali","€38.00m"
"Isaac Hayden","€1.80m"
"Joelinton","€40.00m"
"Joe Willock","€30.00m"
"Sean Longstaff","€25.00m"
"Lewis Miley","€22.00m"
"Elliot Anderson","€15.00m"
"Jeff Hendrick","€500k"
"Matt Ritchie","€1.00m"
"Anthony Gordon","€60.00m"
"Harvey Barnes","€35.00m"
"Ryan Fraser","€3.00m"
"Miguel Almirón","€20.00m"
"Jacob Murphy","€15.00m"
"Alexander Isak","€75.00m"
"Callum Wilson","€13.00m"
"Bart Verbruggen","€18.00m"
"Jason Steele","€3.50m"
"Carl Rushworth","€3.00m"
"Tom McGill","€600k"
"Adam Webster","€20.00m"
"Jan Paul van Hecke","€18.00m"
"Igor","€17.00m"
"Lewis Dunk","€12.00m"
"Ed Turns","€400k"
"Pervis Estupiñán","€30.00m"
"Valentín Barco","€13.00m"
"Tariq Lamptey","€12.00m"
"Joël Veltman","€10.00m"
"Carlos Baleba","€22.00m"
"Billy Gilmour","€18.00m"
"Jack Hinshelwood","€16.00m"
"Jakub Moder","€10.00m"
"Pascal Groß","€8.00m"
"Yasin Ayari","€4.50m"
"James Milner","€1.00m"
"Marc Leonard","€450k"
"Jensen Weir","€300k"
"Julio Enciso","€22.00m"
"Facundo Buonanotte","€18.00m"
"Andrew Moran","€3.00m"
"Adam Lallana","€1.00m"
"Kaoru Mitoma","€45.00m"
"Ansu Fati","€25.00m"
"Jeremy Sarmiento","€4.50m"
"Simon Adingra","€30.00m"
"Solly March","€18.00m"
"Abdallah Sima","€7.50m"
"Evan Ferguson","€50.00m"
"João Pedro","€45.00m"
"Danny Welbeck","€5.00m"
"Dean Henderson","€12.00m"
"Sam Johnstone","€10.00m"
"Joe Whitworth","€1.00m"
"Remi Matthews","€500k"
"Marc Guéhi","€38.00m"
"Joachim Andersen","€35.00m"
"Chris Richards","€12.00m"
"Rob Holding","€5.00m"
"Nathan Ferguson","€1.00m"
"James Tomkins","€700k"
"Tyrick Mitchell","€25.00m"
"Daniel Muñoz","€18.00m"
"Nathaniel Clyne","€1.50m"
"Joel Ward","€1.00m"
"Cheick Doucouré","€35.00m"
"Jefferson Lerma","€20.00m"
"Jairo Riedewald","€3.00m"
"Adam Wharton","€30.00m"
"Will Hughes","€9.00m"
"Naouirou Ahamada","€8.00m"
"Jeffrey Schlupp","€7.00m"
"Eberechi Eze","€55.00m"
"Matheus França","€15.00m"
"Michael Olise","€55.00m"
"Jesurun Rak-Sakyi","€2.00m"
"Jean-Philippe Mateta","€20.00m"
"Odsonne Edouard","€18.00m"
"Jordan Ayew","€4.00m"
"Alphonse Areola","€10.00m"
"Lukasz Fabianski","€700k"
"Joseph Anang","€300k"
"Nayef Aguerd","€35.00m"
"Kurt Zouma","€25.00m"
"Konstantinos Mavropanos","€20.00m"
"Angelo Ogbonna","€700k"
"Emerson","€12.00m"
"Aaron Cresswell","€900k"
"Ben Johnson","€8.00m"
"Vladimír Coufal","€8.00m"
"Edson Álvarez","€35.00m"
"Tomas Soucek","€30.00m"
"Kalvin Phillips","€25.00m"
"Flynn Downes","€9.00m"
"James Ward-Prowse","€30.00m"
"George Earthy","€1.00m"
"Lucas Paquetá","€65.00m"
"Mohammed Kudus","€50.00m"
"Maxwel Cornet","€9.00m"
"Jarrod Bowen","€50.00m"
"Danny Ings","€8.00m"
"Michail Antonio","€4.00m"
"Callum Marshall","€2.00m"
"Divin Mubama","€1.00m"
"Mark Flekken","€12.00m"
"Thomas Strakosha","€3.00m"
"Hákon Rafn Valdimarsson","€2.50m"
"Matthew Cox","€800k"
"Ellery Balcombe","€300k"
"Nathan Collins","€25.00m"
"Kristoffer Ajer","€15.00m"
"Ethan Pinnock","€12.00m"
"Zanka","€1.00m"
"Ben Mee","€1.00m"
"Charlie Goode","€500k"
"Rico Henry","€20.00m"
"Aaron Hickey","€28.00m"
"Mads Roerslev","€10.00m"
"Fin Stevens","€450k"
"Vitaly Janelt","€22.00m"
"Christian Nørgaard","€18.00m"
"Yunus Emre Konak","€3.50m"
"Mathias Jensen","€28.00m"
"Josh Dasilva","€10.00m"
"Frank Onyeka","€9.00m"
"Shandon Baptiste","€2.50m"
"Paris Maghoma","€350k"
"Ryan Trevitt","€275k"
"Yegor Yarmolyuk","€10.00m"
"Saman Ghoddos","€2.00m"
"Myles Peart-Harris","€700k"
"Yoane Wissa","€28.00m"
"Keane Lewis-Potter","€15.00m"
"Mikkel Damsgaard","€10.00m"
"Bryan Mbeumo","€40.00m"
"Kevin Schade","€22.00m"
"Ivan Toney","€50.00m"
"Neal Maupay","€12.00m"
"Matt Turner","€7.00m"
"Odysseas Vlachodimos","€7.00m"
"Matz Sels","€7.00m"
"Wayne Hennessey","€250k"
"Murillo","€35.00m"
"Moussa Niakhaté","€16.00m"
"Andrew Omobamidele","€11.00m"
"Willy Boly","€2.50m"
"Felipe","€1.50m"
"Nuno Tavares","€15.00m"
"Harry Toffolo","€5.00m"
"Neco Williams","€17.00m"
"Ola Aina","€12.00m"
"Gonzalo Montiel","€10.00m"
"Ibrahim Sangaré","€30.00m"
"Cheikhou Kouyaté","€1.00m"
"Danilo","€28.00m"
"Nicolás Domínguez","€17.00m"
"Ryan Yates","€12.00m"
"Lewis O'Brien","€5.00m"
"Harry Arter","€400k"
"Morgan Gibbs-White","€40.00m"
"Giovanni Reyna","€18.00m"
"Brandon Aguilera","€300k"
"Anthony Elanga","€22.00m"
"Callum Hudson-Odoi","€18.00m"
"Emmanuel Dennis","€4.20m"
"Alex Mighten","€600k"
"Josh Bowler","€1.50m"
"Taiwo Awoniyi","€28.00m"
"Chris Wood","€7.00m"
"Divock Origi","€5.00m"
"Rodrigo Ribeiro","€3.00m"
"Mark Travers","€3.50m"
"Andrei Radu","€3.00m"
"Neto","€2.50m"
"Will Dennis","€350k"
"Darren Randolph","€300k"
"Ilya Zabarnyi","€32.00m"
"Marcos Senesi","€22.00m"
"Lloyd Kelly","€18.00m"
"Chris Mepham","€6.00m"
"James Hill","€2.00m"
"Milos Kerkez","€20.00m"
"Max Aarons","€16.00m"
"Ryan Fredericks","€1.00m"
"Adam Smith","€1.00m"
"Tyler Adams","€15.00m"
"Philip Billing","€22.00m"
"Alex Scott","€20.00m"
"Lewis Cook","€12.00m"
"Joe Rothwell","€2.50m"
"Gavin Kilkenny","€300k"
"Romain Faivre","€15.00m"
"Marcus Tavernier","€20.00m"
"Ryan Christie","€12.00m"
"Emiliano Marcondes","€1.50m"
"Dango Ouattara","€20.00m"
"Luis Sinisterra","€17.00m"
"Justin Kluivert","€14.00m"
"Jaidon Anthony","€6.00m"
"Antoine Semenyo","€10.00m"
"David Brooks","€8.00m"
"Dominic Solanke","€40.00m"
"Enes Ünal","€18.00m"
"Kieffer Moore","€2.00m"
"Jamal Lowe","€1.50m"
"José Sá","€14.00m"
"Daniel Bentley","€2.00m"
"Louie Moulden","€200k"
"Tom King","€200k"
"Max Kilman","€32.00m"
"Toti","€20.00m"
"Santiago Bueno","€8.00m"
"Craig Dawson","€2.00m"
"Rayan Aït-Nouri","€35.00m"
"Hugo Bueno","€6.00m"
"Nélson Semedo","€12.00m"
"Ki-Jana Hoever","€4.50m"
"Matt Doherty","€3.00m"
"Mario Lemina","€10.00m"
"Boubacar Traoré","€6.00m"
"Joe Hodge","€1.50m"
"João Gomes","€35.00m"
"Jean-Ricner Bellegarde","€15.00m"
"Luke Cundle","€5.00m"
"Chem Campbell","€900k"
"Noha Lemina","€500k"
"Pedro Neto","€55.00m"
"Pablo Sarabia","€10.00m"
"Matheus Cunha","€45.00m"
"Hee-chan Hwang","€25.00m"
"Nathan Fraser","€1.00m"
"Leon Chiwome","€1.00m"
"Jordan Pickford","€22.00m"
"João Virgínia","€800k"
"Andy Lonergan","€100k"
"Jarrad Branthwaite","€42.00m"
"James Tarkowski","€13.00m"
"Ben Godfrey","€10.00m"
"Michael Keane","€6.00m"
"Mason Holgate","€5.00m"
"Vitaliy Mykolenko","€28.00m"
"Ashley Young","€500k"
"Nathan Patterson","€15.00m"
"Séamus Coleman","€500k"
"Amadou Onana","€50.00m"
"James Garner","€22.00m"
"Abdoulaye Doucouré","€10.00m"
"André Gomes","€10.00m"
"Idrissa Gueye","€3.00m"
"Dele Alli","€5.00m"
"Dwight McNeil","€22.00m"
"Arnaut Danjuma","€13.00m"
"Lewis Dobbin","€2.50m"
"Dominic Calvert-Lewin","€22.00m"
"Beto","€20.00m"
"Chermiti","€9.00m"
"Bernd Leno","€13.00m"
"Marek Rodak","€3.00m"
"Steven Benda","€1.00m"
"Tosin Adarabioyo","€20.00m"
"Issa Diop","€20.00m"
"Calvin Bassey","€16.00m"
"Tim Ream","€800k"
"Antonee Robinson","€25.00m"
"Fodé Ballo-Touré","€3.00m"
"Timothy Castagne","€17.00m"
"Kenny Tete","€15.00m"
"João Palhinha","€55.00m"
"Harrison Reed","€15.00m"
"Saša Lukić","€10.00m"
"Tom Cairney","€2.00m"
"Alex Iwobi","€25.00m"
"Andreas Pereira","€20.00m"
"Luke Harris","€1.00m"
"Willian","€3.00m"
"Harry Wilson","€17.00m"
"Adama Traoré","€9.00m"
"Bobby De Cordova-Reid","€5.00m"
"Rodrigo Muniz","€20.00m"
"Raúl Jiménez","€5.00m"
"Jay Stansfield","€3.50m"
"James Trafford","€18.00m"
"Arijanet Muric","€7.00m"
"Lawrence Vigouroux","€300k"
"Jordan Beyer","€13.00m"
"Ameen Al-Dakhil","€12.00m"
"Dara O'Shea","€7.00m"
"Hjalmar Ekdal","€7.00m"
"Maxime Estève","€7.00m"
"Hannes Delcroix","€4.00m"
"Luke McNally","€3.80m"
"Charlie Taylor","€3.00m"
"Lorenz Assignon","€10.00m"
"Connor Roberts","€7.00m"
"Vitinho","€5.00m"
"Sander Berge","€20.00m"
"Han-Noah Massengo","€4.00m"
"Jack Cork","€800k"
"Josh Brownhill","€15.00m"
"Josh Cullen","€10.00m"
"Aaron Ramsey","€15.00m"
"Scott Twine","€3.00m"
"Mike Trésor","€12.00m"
"Wilson Odobert","€10.00m"
"Anass Zaroury","€9.00m"
"Jacob Bruun Larsen","€8.00m"
"Luca Koleosho","€7.00m"
"Dara Costelloe","€325k"
"Benson Manuel","€5.00m"
"Nathan Redmond","€5.00m"
"Jóhann Berg Gudmundsson","€1.00m"
"Lyle Foster","€13.00m"
"Zeki Amdouni","€12.00m"
"Michael Obafemi","€2.20m"
"Jay Rodríguez","€1.00m"
"Ivo Grbic","€3.50m"
"Wes Foderingham","€900k"
"Adam Davies","€500k"
"Jordan Amissah","€250k"
"Anel Ahmedhodzic","€18.00m"
"Auston Trusty","€7.00m"
"John Egan","€4.00m"
"Jack Robinson","€1.00m"
"Chris Basham","€300k"
"Yasser Larouci","€3.00m"
"Max Lowe","€2.50m"
"Rhys Norrington-Davies","€2.50m"
"Jayden Bogle","€3.80m"
"George Baldock","€2.50m"
"Femi Seriki","€300k"
"Vini Souza","€12.00m"
"Gustavo Hamer","€15.00m"
"Tom Davies","€5.00m"
"Anis Slimane","€2.50m"
"Andre Brooks","€2.50m"
"Oliver Norwood","€1.00m"
"Ben Osborn","€1.00m"
"Oliver Arblaster","€450k"
"Ben Brereton Díaz","€8.00m"
"Cameron Archer","€13.00m"
"Oli McBurnie","€4.50m"
"Rhian Brewster","€3.00m"
"William Osula","€3.00m"
"Daniel Jebbison","€1.00m"
"Thomas Kaminski","€3.00m"
"Tim Krul","€500k"
"Jack Walton","€400k"
"James Shea","€200k"
"Teden Mengi","€12.00m"
"Tom Holmes","€3.50m"
"Gabriel Osho","€3.00m"
"Mads Andersen","€3.00m"
"Tom Lockyer","€2.50m"
"Reece Burke","€1.80m"
"Ryan Giles","€4.50m"
"Amari'i Bell","€2.50m"
"Dan Potts","€900k"
"Daiki Hashioka","€2.00m"
"Marvelous Nakamba","€5.00m"
"Pelly Ruddock Mpanzu","€1.50m"
"Ross Barkley","€8.00m"
"Allan Campbell","€2.00m"
"Jordan Clark","€1.00m"
"Luke Berry","€400k"
"Louie Watson","€250k"
"Elliot Thorpe","€200k"
"Alfie Doughty","€10.00m"
"Fred Onyedinma","€500k"
"Dion Pereira","€175k"
"Chiedozie Ogbene","€8.00m"
"Tahith Chong","€6.00m"
"Andros Townsend","€1.80m"
"John McAtee","€300k"
"Carlton Morris","€13.00m"
"Elijah Adebayo","€12.00m"
"Jacob Brown","€4.00m"
"Cauley Woodrow","€1.00m"
"Joe Taylor","€350k"
"Admiral Muskwe","€275k"
"Thibaut Courtois","€28.00m"
"Andriy Lunin","€25.00m"
"Kepa Arrizabalaga","€12.00m"
"Éder Militão","€60.00m"
"Antonio Rüdiger","€25.00m"
"David Alaba","€20.00m"
"Nacho Fernández","€3.00m"
"Ferland Mendy","€22.00m"
"Fran García","€15.00m"
"Daniel Carvajal","€12.00m"
"Lucas Vázquez","€4.00m"
"Aurélien Tchouaméni","€100.00m"
"Federico Valverde","€120.00m"
"Eduardo Camavinga","€100.00m"
"Toni Kroos","€10.00m"
"Luka Modric","€6.00m"
"Dani Ceballos","€6.00m"
"Jude Bellingham","€180.00m"
"Brahim Díaz","€40.00m"
"Arda Güler","€30.00m"
"Nico Paz","€10.00m"
"Vinicius Junior","€180.00m"
"Rodrygo","€110.00m"
"Joselu","€5.00m"
"Marc-André ter Stegen","€28.00m"
"Iñaki Peña","€8.00m"
"Ander Astralaga","€500k"
"Ronald Araujo","€70.00m"
"Jules Koundé","€45.00m"
"Andreas Christensen","€40.00m"
"Pau Cubarsí","€30.00m"
"Iñigo Martínez","€5.00m"
"Alejandro Balde","€40.00m"
"Marcos Alonso","€2.00m"
"João Cancelo","€25.00m"
"Héctor Fort","€7.50m"
"Oriol Romeu","€2.00m"
"Gavi","€90.00m"
"Pedri","€80.00m"
"Frenkie de Jong","€70.00m"
"Fermín López","€30.00m"
"İlkay Gündoğan","€15.00m"
"Sergi Roberto","€2.50m"
"Ferran Torres","€30.00m"
"Lamine Yamal","€90.00m"
"Raphinha","€50.00m"
"João Félix","€30.00m"
"Vitor Roque","€30.00m"
"Robert Lewandowski","€15.00m"
"Marc Guiu","€7.50m"
"Álex Remiro","€25.00m"
"Unai Marrero","€300k"
"Robin Le Normand","€40.00m"
"Igor Zubeldia","€22.00m"
"Jon Pacheco","€15.00m"
"Aritz Elustondo","€5.00m"
"Kieran Tierney","€12.00m"
"Aihen Muñoz","€8.00m"
"Javi Galán","€7.00m"
"Hamari Traoré","€6.00m"
"Álvaro Odriozola","€2.50m"
"Jon Aramburu","€2.00m"
"Martín Zubimendi","€50.00m"
"Urko González de Zarate","€1.20m"
"Mikel Merino","€50.00m"
"Beñat Turrientes","€20.00m"
"Jon Ander Olasagasti","€1.20m"
"Brais Méndez","€40.00m"
"Arsen Zakharyan","€18.00m"
"Jon Magunazelaia","€1.00m"
"Ander Barrenetxea","€20.00m"
"Martín Merquelanz","€600k"
"Takefusa Kubo","€50.00m"
"Mikel Oyarzabal","€45.00m"
"Sheraldo Becker","€10.00m"
"Umar Sadiq","€10.00m"
"André Silva","€6.00m"
"Carlos Fernández","€1.50m"
"Jan Oblak","€28.00m"
"Horațiu Moldovan","€2.50m"
"Mario Hermoso","€25.00m"
"José María Giménez","€22.00m"
"Axel Witsel","€3.50m"
"Stefan Savic","€2.50m"
"Gabriel Paulista","€2.00m"
"Reinildo Mandava","€9.00m"
"Nahuel Molina","€28.00m"
"César Azpilicueta","€2.00m"
"Rodrigo de Paul","€30.00m"
"Marcos Llorente","€30.00m"
"Arthur Vermeeren","€25.00m"
"Pablo Barrios","€25.00m"
"Koke","€12.00m"
"Saúl Ñíguez","€7.50m"
"Thomas Lemar","€10.00m"
"Samuel Lino","€30.00m"
"Rodrigo Riquelme","€25.00m"
"Marcos Paulo","€2.00m"
"Vitolo","€100k"
"Ángel Correa","€18.00m"
"Antoine Griezmann","€25.00m"
"Álvaro Morata","€16.00m"
"Memphis Depay","€10.00m"
"Unai Simón","€30.00m"
"Julen Agirrezabala","€5.00m"
"Dani Vivian","€25.00m"
"Aitor Paredes","€22.00m"
"Yeray Álvarez","€8.00m"
"Yuri Berchiche","€1.80m"
"Imanol García de Albéniz","€1.20m"
"Iñigo Lekue","€3.00m"
"Óscar de Marcos","€1.50m"
"Mikel Vesga","€4.00m"
"Beñat Prados","€15.00m"
"Iñigo Ruiz de Galarreta","€5.00m"
"Ander Herrera","€2.00m"
"Dani García","€1.80m"
"Mikel Jauregizar","€800k"
"Oihan Sancet","€35.00m"
"Unai Gómez","€6.00m"
"Iker Muniain","€5.00m"
"Nico Williams","€60.00m"
"Álex Berenguer","€12.00m"
"Iñaki Williams","€25.00m"
"Adu Ares","€2.00m"
"Gorka Guruzeta","€18.00m"
"Asier Villalibre","€2.50m"
"Raúl García","€1.50m"
"Paulo Gazzaniga","€4.00m"
"Toni Fuidias","€300k"
"Juan Carlos","€200k"
"Eric García","€20.00m"
"Daley Blind","€3.00m"
"David López","€2.50m"
"Juanpe","€1.00m"
"Miguel Gutiérrez","€25.00m"
"Yan Couto","€25.00m"
"Arnau Martínez","€10.00m"
"Aleix García","€25.00m"
"Yangel Herrera","€25.00m"
"Pablo Torre","€3.00m"
"Jhon Solís","€3.00m"
"Iván Martín","€15.00m"
"Borja García","€800k"
"Sávio","€50.00m"
"Toni Villa","€1.50m"
"Viktor Tsygankov","€30.00m"
"Portu","€3.50m"
"Valery Fernández","€2.50m"
"Artem Dovbyk","€35.00m"
"Cristhian Stuani","€1.80m"
"Giorgi Mamardashvili","€35.00m"
"Jaume Doménech","€800k"
"Cristian Rivero","€200k"
"Cristhian Mosquera","€30.00m"
"Yarek Gasiorowski","€15.00m"
"Cenk Özkacar","€4.00m"
"Mouctar Diakhaby","€2.00m"
"José Gayà","€25.00m"
"Jesús Vázquez","€3.00m"
"Thierry Correia","€6.00m"
"Dimitri Foulquier","€2.50m"
"Pepelu","€22.00m"
"Hugo Guillamón","€8.00m"
"Javi Guerra","€20.00m"
"André Almeida","€15.00m"
"Selim Amallah","€1.50m"
"Pablo Gozálbez","€800k"
"Diego López","€14.00m"
"Fran Pérez","€8.00m"
"Peter Federico","€3.00m"
"Sergi Canós","€2.50m"
"Hugo González","€250k"
"Hugo Duro","€16.00m"
"Roman Yaremchuk","€3.50m"
"Alberto Marí","€1.50m"
"Filip Jørgensen","€20.00m"
"Pepe Reina","€600k"
"Yerson Mosquera","€6.00m"
"Jorge Cuenca","€6.00m"
"Eric Bailly","€3.00m"
"Aïssa Mandi","€1.80m"
"Raúl Albiol","€1.50m"
"Alfonso Pedraza","€5.00m"
"Alberto Moreno","€1.80m"
"Carlos Romero","€1.50m"
"Juan Foyth","€15.00m"
"Kiko Femenía","€1.40m"
"Ramón Terrats","€4.00m"
"Étienne Capoue","€1.50m"
"Francis Coquelin","€1.50m"
"Santi Comesaña","€6.00m"
"Dani Parejo","€2.50m"
"Manu Trigueros","€1.50m"
"Álex Baena","€40.00m"
"Denis Suárez","€1.50m"
"Gonçalo Guedes","€15.00m"
"Yéremy Pino","€30.00m"
"Ilias Akhomach","€15.00m"
"Bertrand Traoré","€9.00m"
"Alexander Sørloth","€25.00m"
"Gerard Moreno","€10.00m"
"José Luis Morales","€1.50m"
"Jorge Pascual","€1.00m"
"Ørjan Nyland","€1.40m"
"Marko Dmitrovic","€900k"
"Loïc Badé","€14.00m"
"Kike Salas","€10.00m"
"Marcão","€4.00m"
"Nemanja Gudelj","€3.50m"
"Tanguy Nianzou","€3.00m"
"Sergio Ramos","€2.50m"
"Adrià Pedrosa","€6.00m"
"Marcos Acuña","€4.00m"
"Juanlu Sánchez","€15.00m"
"Jesús Navas","€2.50m"
"Boubakary Soumaré","€14.00m"
"Lucien Agoumé","€6.00m"
"Djibril Sow","€9.00m"
"Óliver Torres","€6.00m"
"Joan Jordán","€3.50m"
"Manu Bueno","€300k"
"Hannibal","€9.00m"
"Lucas Ocampos","€9.00m"
"Dodi Lukébakio","€12.00m"
"Suso","€4.00m"
"Erik Lamela","€2.00m"
"Adnan Januzaj","€2.00m"
"Youssef En-Nesyri","€20.00m"
"Isaac Romero","€18.00m"
"Alejo Véliz","€9.00m"
"Rafa Mir","€2.50m"
"Mariano Díaz","€1.50m"
"Rui Silva","€8.00m"
"Claudio Bravo","€800k"
"Chadi Riad","€15.00m"
"Germán Pezzella","€3.00m"
"Marc Bartra","€1.00m"
"Sokratis Papastathopoulos","€700k"
"Juan Miranda","€9.00m"
"Abner","€7.00m"
"Héctor Bellerín","€4.00m"
"Youssouf Sabaly","€2.50m"
"Johnny Cardoso","€25.00m"
"Guido Rodríguez","€20.00m"
"Marc Roca","€9.00m"
"William Carvalho","€3.00m"
"Sergi Altimira","€2.50m"
"Pablo Fornals","€14.00m"
"Nabil Fekir","€10.00m"
"Isco","€8.00m"
"Rodri Sánchez","€3.00m"
"Assane Diao","€12.00m"
"Abde Ezzalzouli","€9.00m"
"Ayoze Pérez","€7.00m"
"Aitor Ruibal","€3.50m"
"Willian José","€5.00m"
"Chimy Ávila","€3.00m"
"Cédric Bakambu","€2.50m"
"Iván Villar","€1.20m"
"Vicente Guaita","€800k"
"Unai Núñez","€7.00m"
"Carl Starfelt","€6.00m"
"Joseph Aidoo","€4.00m"
"Carlos Domínguez","€3.00m"
"Manu Sánchez","€8.00m"
"Mihailo Ristic","€1.00m"
"Óscar Mingueza","€8.00m"
"Javier Manquillo","€1.80m"
"Kevin Vázquez","€800k"
"Renato Tapia","€5.00m"
"Jailson","€1.50m"
"Fran Beltrán","€6.00m"
"Luca de la Torre","€3.00m"
"Hugo Sotelo","€2.50m"
"Carlos Dotor","€2.00m"
"Damián Rodríguez","€250k"
"Williot Swedberg","€5.00m"
"Jonathan Bamba","€9.00m"
"Franco Cervi","€1.50m"
"Hugo Álvarez","€400k"
"Tadeo Allende","€4.00m"
"Carles Pérez","€2.50m"
"Miguel Rodríguez","€800k"
"Jørgen Strand Larsen","€25.00m"
"Anastasios Douvikas","€6.00m"
"Iago Aspas","€3.00m"
"Antonio Sivera","€6.00m"
"Jesús Owono","€1.00m"
"Abdel Abqar","€7.50m"
"Rafa Marín","€7.50m"
"Aleksandar Sedlar","€400k"
"Javi López","€7.50m"
"Rubén Duarte","€3.00m"
"Andoni Gorosabel","€5.00m"
"Nahuel Tenaglia","€2.00m"
"Antonio Blanco","€7.50m"
"Carlos Benavidez","€1.50m"
"Ander Guevara","€5.00m"
"Jon Guridi","€4.00m"
"Ianis Hagi","€2.00m"
"Luis Rioja","€4.00m"
"Abde Rebbach","€800k"
"Álex Sola","€4.00m"
"Carlos Vicente","€4.00m"
"Xeber Alkain","€1.50m"
"Samu Omorodion","€35.00m"
"Giuliano Simeone","€3.00m"
"Kike García","€1.00m"
"Joaquín Panichelli","€25k"
"Álvaro Valles","€12.00m"
"Aarón Escandell","€1.00m"
"Mika Mármol","€15.00m"
"Saúl Coco","€8.00m"
"Alex Suárez","€1.20m"
"Juanma Herzog","€1.00m"
"Eric Curbelo","€800k"
"Sergi Cardona","€6.00m"
"Daley Sinkgraven","€1.00m"
"Julián Araujo","€8.00m"
"Álvaro Lemos","€700k"
"Máximo Perrone","€9.00m"
"Nuke Mfulu","€700k"
"Enzo Loiodice","€4.00m"
"Javi Muñoz","€3.00m"
"José Campaña","€1.50m"
"Fabio González","€500k"
"Alberto Moleiro","€15.00m"
"Kirian Rodríguez","€12.00m"
"Pejiño","€1.20m"
"Benito Ramírez","€600k"
"Munir El Haddadi","€2.50m"
"Marvin Park","€2.00m"
"Sandro Ramírez","€1.50m"
"Sory Kaba","€1.50m"
"Marc Cardona","€1.40m"
"Cristian Herrera","€300k"
"David Soria","€5.00m"
"Daniel Fuzato","€900k"
"Gastón Álvarez","€15.00m"
"Omar Alderete","€5.00m"
"Djené","€2.50m"
"Domingos Duarte","€2.00m"
"Diego Rico","€1.50m"
"Fabrizio Angileri","€1.00m"
"Jordi Martín","€600k"
"José Ángel Carmona","€3.50m"
"Juan Iglesias","€2.50m"
"Nemanja Maksimovic","€6.00m"
"Mauro Arambarri","€5.00m"
"Luis Milla","€3.50m"
"Carles Aleñá","€3.00m"
"Ilaix Moriba","€3.00m"
"Yellu Santiago","€1.00m"
"Óscar Rodríguez","€2.50m"
"Mason Greenwood","€25.00m"
"Borja Mayoral","€15.00m"
"Juanmi Latasa","€2.80m"
"Jaime Mata","€900k"
"Sergio Herrera","€6.00m"
"Aitor Fernández","€1.80m"
"David García","€10.00m"
"Jorge Herrando","€6.00m"
"Alejandro Catena","€4.00m"
"Unai García","€1.20m"
"Juan Cruz","€2.20m"
"Johan Mojica","€2.20m"
"Jesús Areso","€7.50m"
"Rubén Peña","€2.20m"
"Iker Muñoz","€5.00m"
"Lucas Torró","€4.00m"
"Jon Moncayola","€7.00m"
"Pablo Ibáñez","€2.50m"
"Aimar Oroz","€15.00m"
"Moi Gómez","€3.50m"
"Rubén García","€2.50m"
"José Manuel Arnáiz","€2.00m"
"Kike Barja","€2.00m"
"Ante Budimir","€5.00m"
"Raúl García","€4.00m"
"Predrag Rajkovic","€10.00m"
"Dominik Greif","€2.50m"
"Iván Cuéllar","€100k"
"Martin Valjent","€6.00m"
"José Copete","€2.80m"
"Siebe Van der Heyden","€2.00m"
"Antonio Raíllo","€2.00m"
"Matija Nastasic","€1.50m"
"Toni Lato","€3.50m"
"Jaume Costa","€900k"
"Pablo Maffeo","€5.00m"
"Giovanni González","€3.00m"
"Nacho Vidal","€2.00m"
"Samú Costa","€10.00m"
"Omar Mascarell","€1.00m"
"Sergi Darder","€6.00m"
"Manu Morlanes","€2.50m"
"Antonio Sánchez","€2.50m"
"Dani Rodríguez","€1.00m"
"Nemanja Radonjic","€2.80m"
"Javi Llabrés","€700k"
"Vedat Muriqi","€12.00m"
"Cyle Larin","€4.00m"
"Abdón Prats","€1.80m"
"Luís Maximiano","€5.00m"
"Fernando Martínez","€700k"
"Diego Mariño","€300k"
"Edgar González","€3.00m"
"César Montes","€3.00m"
"Chumi","€2.00m"
"Aleksandar Radovanovic","€900k"
"Bruno Langa","€1.50m"
"Álex Centelles","€1.20m"
"Marc Pubill","€4.00m"
"Álex Pozo","€2.00m"
"Dion Lopy","€10.00m"
"Lucas Robertone","€7.00m"
"Iddrisu Baba","€2.20m"
"Gonzalo Melero","€1.80m"
"Marcos Peña","€1.00m"
"Sergio Arribas","€10.00m"
"Jonathan Viera","€1.00m"
"Largie Ramazani","€5.00m"
"Luka Romero","€5.00m"
"Adrián Embarba","€1.80m"
"Luis Suárez","€3.50m"
"Ibrahima Koné","€2.50m"
"Léo Baptistão","€1.50m"
"Choco Lozano","€1.20m"
"Marko Milovanovic","€900k"
"Augusto Batalla","€5.00m"
"Marc Martínez","€300k"
"Raúl Fernández","€200k"
"Bruno Méndez","€5.00m"
"Raúl Torrente","€3.00m"
"Kamil Piatkowski","€2.50m"
"Miguel Rubio","€1.50m"
"Ignasi Miquel","€1.20m"
"Jesús Vallejo","€1.00m"
"Faitout Maouassa","€4.00m"
"Carlos Neva","€2.50m"
"Ricard Sánchez","€2.50m"
"Víctor Díaz","€400k"
"Gerard Gumbau","€3.00m"
"Martin Hongla","€2.50m"
"Gonzalo Villar","€3.00m"
"Sergio Ruiz","€2.00m"
"Óscar Melendo","€2.00m"
"Myrto Uzuni","€8.00m"
"Kamil Jóźwiak","€2.00m"
"Facundo Pellistri","€8.00m"
"Antonio Puertas","€2.00m"
"Theo Corbeanu","€1.50m"
"José Callejón","€800k"
"Lucas Boyé","€7.00m"
"Matías Arezo","€7.00m"
"Stole Dimitrievski","€4.00m"
"Dani Cárdenas","€1.80m"
"Florian Lejeune","€3.00m"
"Abdul Mumin","€2.50m"
"Aridane Hernández","€800k"
"Martín Pascual","€300k"
"Alfonso Espino","€2.40m"
"Pep Chavarría","€2.00m"
"Iván Balliu","€2.00m"
"Andrei Rațiu","€1.40m"
"Miguel Crespo","€4.00m"
"Óscar Valentín","€4.00m"
"Kike Pérez","€3.00m"
"Unai López","€3.00m"
"Pathé Ciss","€2.50m"
"Randy Nteka","€1.50m"
"José Pozo","€1.00m"
"Óscar Trejo","€1.00m"
"Álvaro García","€3.00m"
"Bebé","€600k"
"Isi Palazón","€8.00m"
"Jorge de Frutos","€4.00m"
"Sergio Camello","€3.00m"
"Raúl de Tomás","€2.00m"
"Radamel Falcao","€800k"
"Conan Ledesma","€5.00m"
"David Gil","€700k"
"Fali","€2.00m"
"Víctor Chust","€2.00m"
"Aiham Ousou","€1.80m"
"Jorge Meré","€1.00m"
"Luis Hernández","€500k"
"Momo Mbaye","€400k"
"Javi Hernández","€2.50m"
"Lucas Pires","€2.00m"
"Iza Carcelén","€1.50m"
"Joseba Zaldua","€900k"
"Diadié Samassékou","€2.00m"
"José Mari","€200k"
"Rominigue Kouamé","€2.00m"
"Rubén Alcaraz","€1.50m"
"Gonzalo Escalante","€1.50m"
"Fede San Emeterio","€1.50m"
"Robert Navarro","€6.00m"
"Álex Fernández","€1.50m"
"Juanmi","€6.00m"
"Darwin Machís","€2.00m"
"Brian Ocampo","€900k"
"Iván Alejo","€1.50m"
"Chris Ramos","€4.00m"
"Maxi Gómez","€2.00m"
"Rubén Sobrino","€1.40m"
"Roger Martí","€1.20m"
"Sergi Guardiola","€800k"
